file_path,audio,video,audiovisual,gt,wer_audio,cer_audio,bleu_audio,wer_video,cer_video,bleu_video,wer_audiovisual,cer_audiovisual,bleu_audiovisual
/media/NAS/DATASET/1mDFDC/train/id00012/aE4Om0EEiuk/00120/real.mp4,AN AGENT AND A T F AGENT SO IT WAS A LITTLE MORE PROFESSIONAL IN A WAY LIKE BEFORE YOU KNOW YOU KIND OF MORE GROWN UP CHARACTERS ALSO GAY SO THAT WAS DIFFERENT TO PLAY FOR ME SO THERE'S SOME REALLY INTERESTING THINGS IN THAT FOR THAT CHARACTER THAT KIND OF PUSH SOME DIFFERENT BOUNDARIES FOR ME AND TRY AND SOME DIFFERENT,AN AGENT AND A C F AGENT SO IT WAS A LITTLE MORE PROFESSIONAL IN A WAY LIKE BEFORE AND KIND OF BEING A LITTLE MORE GROWN UP AND THERE IS ALSO GAY SO THAT WAS DIFFERENT IN PLAY FOR ME AND SO THERE'S SOME REALLY INTERESTING THINGS IN THAT FOR THAT CHARACTER THAT ACTUALLY KIND OF PUSHED SOME DIFFERENT BOUNDARIES FOR ME AND TRIED SOME DIFFERENT,AN AGENT AND A T F AGENT SO IT WAS A LITTLE MORE PROFESSIONAL IN A WAY LIKE BEFORE YOU KNOW YOU KIND OF MORE GROWN UP CHARACTERS ALSO GAY SO THAT WAS DIFFERENT TO PLAY FOR ME SO THERE'S SOME REALLY INTERESTING THINGS IN THAT FOR THAT CHARACTER THAT KIND OF PUSHED SOME DIFFERENT BOUNDARIES FOR ME AND TRY AND SOME DIFFERENT,"an agent, an ATF agent, so it was a little more professional in a way, like before, you know, kind of playing a little more grown up. The character's also gay, so that was different to play for me, so there's some really interesting things in that, for that character that, yeah, just kind of pushed some different boundaries for me in trying some different...",0.23076923076923078,0.125,0.6698927864081956,0.24615384615384617,0.1308139534883721,0.6017278359340436,0.2153846153846154,0.11918604651162791,0.7079673897982764
/media/NAS/DATASET/1mDFDC/train/id00012/aE4Om0EEiuk/00117/real.mp4,YEAH I MEAN ANY SHOW YOU KNOW WHEN YOU'RE WORKING TOGETHER FOR THOSE MANY HOURS AND THAT MUCH TIME YOU CAN'T HELP BUT YOU KNOW BECOME FRIENDS WITH PEOPLE,YEAH I MEAN ANY SHOW YOU KNOW WHEN YOU WORK TOGETHER FOR THOSE MANY HOURS AND THAT MUCH TIME YOU CAN'T HELP BUT YOU KNOW BECOME FRIENDS WITH PEOPLE,YEAH I MEAN ANY SHOW YOU KNOW WHEN YOU'RE WORKING TOGETHER FOR THOSE MANY HOURS AND THAT MUCH TIME YOU CAN'T HELP BUT YOU KNOW BECOME FRIENDS WITH PEOPLE,"Yeah, I mean any show, you know, when you're working together for those many hours and that much time, you can't help but, you know, become friends with people.",0.0,0.0,1.0,0.06896551724137931,0.033112582781456956,0.8696398662122882,0.0,0.0,1.0
/media/NAS/DATASET/1mDFDC/train/id00012/aE4Om0EEiuk/00123/real.mp4,VANDERBORT HERE I THINK THIS WEEKEND SO YEAH JUST CATCHING UP WITH SOME OLD FRIENDS AND CHECKING OUT SOME WRESTLING AND I'M A BIT OF A COMIC BOOK FAN MYSELF SO PROBABLY SPEND MORE MONEY THAN I SHOULD ON SOME COMIC BOOKS BUT,YOU KNOW INVITED FOR HERE I THINK THIS WEEKEND SO YEAH JUST CATCHING UP WITH SOME OLD FRIENDS AND CHECKING OUT SOME WRESTLING AND I'M A BIT OF A COMIC BOOK FAN MYSELF SO PROBABLY SPEND MORE MONEY THAN I SHOULD ON SOME COMIC BOOKS BUT,AND LAURA VANDA BORDER HERE I THINK THIS WEEKEND SO YEAH JUST CATCHING UP WITH SOME OLD FRIENDS AND CHECKING OUT SOME WRESTLING AND I'M A BIT OF A COMIC BOOK FAN MYSELF SO PROBABLY SPEND MORE MONEY THAN I SHOULD ON SOME COMIC BOOKS BUT,"Laura Vandervoorde here I think this weekend so yeah just catching up with some old friends and checking out some wrestling and I'm a bit Of a comic book fan myself, so I'll probably spend more money than I should on some comic books, but",0.06666666666666667,0.05982905982905983,0.8958982802479432,0.1111111111111111,0.08974358974358974,0.8752376177722327,0.08888888888888889,0.05555555555555555,0.8804014855525742
/media/NAS/DATASET/1mDFDC/train/id00012/aE4Om0EEiuk/00116/real.mp4,IT MUST HAVE BEEN REALLY WELL YEAH IT WAS A LOT OF FUN FRIENDLY PEOPLE AND IT'S JUST NICE TO GET A CHANCE TO HANG OUT WITH PEOPLE THAT WATCH YOUR,MUST HAVE BEEN THE MOST GONE FAIRLY WELL IT WAS A LOT OF FUN FRIENDLY PEOPLE AND IT'S JUST NICE TO GET A CHANCE TO HANG OUT WITH PEOPLE THAT WATCH,IT MUST HAVE BEEN REALLY WELL YEAH IT WAS A LOT OF FUN FRIENDLY PEOPLE AND IT'S JUST NICE TO GET A CHANCE TO HANG OUT WITH PEOPLE THAT WATCH YOUR T,"It must have gone fairly well. It was a lot of fun, friendly people, and it's just nice to get a chance to hang out with people that watch your TV.",0.12903225806451613,0.11267605633802817,0.8179966936311643,0.1935483870967742,0.176056338028169,0.8540983243182864,0.12903225806451613,0.09859154929577464,0.7911403980746479
/media/NAS/DATASET/1mDFDC/train/id00012/aE4Om0EEiuk/00122/real.mp4,THING LIKE LAST YEAR IT'S GOING TO BE AMAZING BECAUSE I KNOW THERE'S A BUNCH OF WRESTLING THAT'S GOING ON IN IT GET REALLY LOUD AND REALLY ROWDY WHICH IS A LOT OF FUN AND YEAH DEFINITELY GOING TO BE BUMPING INTO A FEW OF MY SMALL BILL CAST MATES JAMES,LIKE LAST YEAR IT'S GOING TO BE AMAZING BECAUSE I KNOW THERE'S A BUNCH OF WRESTLING THAT'S GOING ON AND THEY GET REALLY LOUD AND REALLY ROWDY WHICH IS A LOT OF FUN AND YEAH DEFINITELY GOING TO BE BUMPING INTO A FEW OF MY SMALL BILL CAST MATES JAMES,THING LIKE LAST YEAR IT'S GOING TO BE AMAZING BECAUSE I KNOW THERE'S A BUNCH OF WRESTLING THAT'S GOING ON AND THEY GET REALLY LOUD AND REALLY ROWDY WHICH IS A LOT OF FUN AND YEAH DEFINITELY GOING TO BE BUMPING INTO A FEW OF MY SMALLVILLE CASTMATES JAMES,like last year it's gonna be amazing because I know there's a bunch of wrestling that's going on and they get really loud and really rowdy which is a lot of fun and yeah I'm definitely gonna be bumping into a few of my Smallville castmates James,0.2553191489361702,0.12033195020746888,0.6485060071068787,0.19148936170212766,0.07053941908713693,0.7378135238412401,0.1276595744680851,0.07883817427385892,0.812316127112615
/media/NAS/DATASET/1mDFDC/train/id00012/aE4Om0EEiuk/00121/real.mp4,I THINK SO WHERE YOU HAVE TO PUT YOURSELF IN DIFFERENT OTHER PEOPLE'S CIRCUMSTANCES THAT WOULD NOT BE YOUR OWN SO I THINK YOU KIND OF FIGURE THINGS OUT ABOUT OTHER PEOPLE AS WELL JUST LIKE HOW OTHER PEOPLE LIVE OR EXPERIENCE THINGS SO AND THEN IN DOING SO YOU KIND OF YOU KNOW THAT SORT OF SEEPS INTO WHO YOU ARE YOUR EXPERIENCE AS WELL SO YEAH YEAH DEFINITELY,I THINK SO OR YOU HAVE TO PUT YOURSELF IN DIFFERENT OTHER PEOPLE'S CIRCUMSTANCES THAT WOULD NOT BE YOUR OWN SO I THINK YOU KIND OF FIGURE THINGS OUT ABOUT OTHER PEOPLE AS WELL JUST LIKE HOW OTHER PEOPLE LIVE OR EXPERIENCE THINGS AND THEN IN DOING SO YOU KIND OF YOU KNOW THAT SORT OF SLIPS INTO WHO YOU ARE YOUR EXPERIENCE AS WELL SO YEAH,I THINK SO WHERE YOU HAVE TO PUT YOURSELF IN DIFFERENT OTHER PEOPLE'S CIRCUMSTANCES THAT WOULD NOT BE YOUR OWN SO I THINK YOU KIND OF FIGURE THINGS OUT ABOUT OTHER PEOPLE AS WELL JUST LIKE HOW OTHER PEOPLE WOULD LIVE OR EXPERIENCE THINGS SO AND THEN IN DOING SO YOU KIND OF YOU KNOW THAT SORT OF SEEPS INTO WHO YOU ARE YOUR EXPERIENCE AS WELL SO YEAH YEAH DEF,"I think so. You have to put yourself in different other people's circumstances that would not be your own. So I think you kind of figure things out about other people as well, just like how other people live or experience things. And then in doing so, that sort of seeps into who you are, your experience as well.",0.1864406779661017,0.17704918032786884,0.7745408122611859,0.15254237288135594,0.11147540983606558,0.7946970713704883,0.2033898305084746,0.1737704918032787,0.7400946526891151
/media/NAS/DATASET/1mDFDC/train/id00012/aE4Om0EEiuk/00119/real.mp4,PROBABLY IN THE SPRING I GUESS YOU KNOW THAT'S ALWAYS A BIT OF A GAP BUT KIND OF SAD BITTERSWEET FOR IT TO COME TO AN END BUT THEY ALL,PROBABLY THE SPRING I GUESS SO IT'S ALWAYS A BIT OF A GAP BUT YOU KNOW IT'S KIND OF SAD BITTERSWEET FOR US TO COME TO AN END BUT THEY ALL,PROBABLY IN THE SPRING I GUESS YOU KNOW THAT'S ALWAYS A BIT OF A GAP BUT KIND OF SAD BITTERSWEET FOR IT TO COME TO AN END BUT THEY ALL,"Probably in the spring I guess, you know, there's always a bit of a gap, but it was kind of sad, bittersweet for it to come to an end, but they all...",0.09375,0.07092198581560284,0.7972032616648247,0.25,0.1773049645390071,0.5966255229429879,0.09375,0.07092198581560284,0.7972032616648247
/media/NAS/DATASET/1mDFDC/train/id00012/aE4Om0EEiuk/00115/real.mp4,V SO I IN THE SUMMERTIME SO I LIKE HAD A GREAT TIME SUPER FRIENDLY PEOPLE BUT LAST YEAR COMIC CON WAS AMAZING I'M BACK,SO HIGH IN THE SUMMERTIME SO I HAD A GREAT TIME SUPER FRIENDLY PEOPLE BUT LAST YEAR COMIC CON WAS AMAZING I'M BACK,SO I IN THE SUMMERTIME SO I LIKE HAD A GREAT TIME SUPER FRIENDLY PEOPLE BUT LAST YEAR COMIC CON WAS AMAZING I'M BACK,"So I in the summertime, so I'd like had a great time super friendly people, but last year comic -con was amazing. I'm back",0.08333333333333333,0.02586206896551724,0.8466657105524215,0.125,0.07758620689655173,0.7800523587757331,0.041666666666666664,0.008620689655172414,0.8843865924896842
/media/NAS/DATASET/1mDFDC/train/id00012/aE4Om0EEiuk/00118/real.mp4,IT'S WHAT'S REALLY NEAT IS EVEN WHEN THE SHOWS ARE OVER AT CONS LIKE THIS YOU HAD TO BUMP INTO PEOPLE THAT YOU MAY HAVE NOT SEEN FOR A WHILE OR WHATEVER SO IT'S,IT'S WHAT'S REALLY NICE IF WHEN THE SHOWS ARE OVER AT CONTENT THAT'S LIKE THE BUMP IN THE PEOPLE THAT YOU MAY HAVE NOT SEEN FOR A WHILE OR WHATEVER SO TO SEE,IT'S WHAT'S REALLY NEAT IS EVEN WHEN THE SHOWS ARE OVER AT CONS LIKE THIS YOU HAVE TO BUMP INTO PEOPLE THAT YOU MAY HAVE NOT SEEN FOR A WHILE OR WHATEVER SO IT'S,"And what's really neat is even when the shows are over, at cons like this you get to bump into people that you may have not seen for a while or whatever.",0.125,0.08666666666666667,0.828399516355805,0.46875,0.2733333333333333,0.5085513284128098,0.125,0.09333333333333334,0.828399516355805
/media/NAS/DATASET/1mDFDC/train/id00012/IYaT706uSpQ/00052/real.mp4,A HOLIDAY BREAK WATCHING A BUNCH OF CRIME DOCUMENTARIES ON NETFLIX YOU KNOW MAKING A,HOLIDAY BREAK WATCHING A BUNCH OF CRIME DOCUMENTARIES ON NETFLIX YOU KNOW MAKING A,A HOLIDAY BREAK WATCHING A BUNCH OF CRIME DOCUMENTARIES ON NETFLIX YOU KNOW MAKING A,holiday break watching a bunch of crime documentaries on Netflix you know making a,0.07142857142857142,0.024390243902439025,0.9253911813809743,0.0,0.0,1.0,0.07142857142857142,0.024390243902439025,0.9253911813809743
/media/NAS/DATASET/1mDFDC/train/id00012/IYaT706uSpQ/00051/real.mp4,ALWAYS LOVED WORKING WITH THAT GROUP OF PEOPLE AND PLAYING THAT CHARACTER SO YEAH I WOULD I WOULD ALWAYS BE UP FOR BEING IN ANOTHER,I WAS LOVED WORKING WITH THAT GROUP OF PEOPLE AND PLAYING THAT CHARACTER SO YEAH I WOULD I WOULD ALWAYS BE UP FOR BEING IN ANOTHER,ALWAYS LOVED WORKING WITH THAT GROUP OF PEOPLE AND PLAYING THAT CHARACTER SO YEAH I WOULD I WOULD ALWAYS BE UP FOR BEING IN ANOTHER,I always loved working with that group of people and playing that character so yeah I would I would always be up for for being in another,0.07407407407407407,0.043795620437956206,0.8914191946122269,0.07407407407407407,0.051094890510948905,0.8604852743887371,0.07407407407407407,0.043795620437956206,0.8914191946122269
/media/NAS/DATASET/1mDFDC/train/id00012/IYaT706uSpQ/00043/real.mp4,SO THAT'S WHAT REALLY DREW ME IN BUT ONCE I GOT TO BE A PART OF THE SHOW I SORT OF REALIZED HOW INTERESTING IT WAS GOING TO BE TO PLAY MIKE AND WHAT I LIKED ABOUT IT IS THAT HE SORT OF STARTED OFF AS THE SORT OF ROOKIE YOU KNOW AND AS THE SHOW PROGRESSED HE WAS LIKE BEATEN AND PEOPLE HE LOVED WERE TAKEN FROM HIM,SO THAT'S WHAT REALLY DREW ME IN BUT ONCE I GOT TO BE A PART OF THE SHOW I SORT OF REALIZED HOW INTERESTING IT WAS GOING TO BE TO PLAY MIKE AND WHAT I LIKED ABOUT IT IS THAT HE SORT OF STARTED OFF AS THE SORT OF ROOKIE YOU KNOW AND AS THE SHOW PROGRESSED HE WAS LIKE BEATEN AND PEOPLE HE LOVED WERE TAKEN FROM HIM,SO THAT'S WHAT REALLY DREW ME IN BUT ONCE I GOT TO BE A PART OF THE SHOW I SORT OF REALIZED HOW INTERESTING IT WAS GOING TO BE TO PLAY MIKE AND WHAT I LIKED ABOUT IT IS THAT HE SORT OF STARTED OFF AS THE SORT OF ROOKIE YOU KNOW AND AS THE SHOW PROGRESSED HE WAS LIKE BEATEN AND PEOPLE HE LOVED WERE TAKEN FROM HIM,"So that's what really drew me in, but once I got to be a part of the show, I sort of realized how interesting it was going to be to play Mike. And what I liked about it is that he sort of started off as this sort of rookie, you know, and as the show progressed, he was like beaten and people he loved were taken from him.",0.014492753623188406,0.006389776357827476,0.9625248317849852,0.014492753623188406,0.006389776357827476,0.9625248317849852,0.014492753623188406,0.006389776357827476,0.9625248317849852
/media/NAS/DATASET/1mDFDC/train/id00012/IYaT706uSpQ/00055/real.mp4,PEOPLE MAKING IT LIZ FRIEDMAN AND LIZ FRIEDLANDER TWO WOMEN WHO CREATED THE SHOW LIZ FRIEDLANDER DIRECTED THE PILOT AS WELL,PEOPLE MAKING LIZ FREEMAN LIZ FREELANNER TWO WOMEN WHO CREATED THE SHOW LIZ FREELANNER WHO DIRECTED THE PILOT AS WELL,PEOPLE MAKING IT LIZ FRIEDMAN AND LIZ FRIEDLANDER TWO WOMEN WHO CREATED THE SHOW LIZ FRIEDLANDER DIRECTED THE PILOT AS WELL,"people making it. Liz Friedman and Liz Friedlander, two women who created the show. Liz Friedlander directed the pilot as well.",0.0,0.0,1.0,0.2857142857142857,0.15447154471544716,0.493852772702093,0.0,0.0,1.0
/media/NAS/DATASET/1mDFDC/train/id00012/IYaT706uSpQ/00049/real.mp4,WHAT THAT MEANS FOR THEIR LIVES HOW SPECIAL THEY REALLY ARE SO I THOUGHT THAT WAS REALLY COOL THAT WAS SOMETHING I REALLY ENJOYED,WHAT THAT MEANS FOR THEIR LIVES HOW SPECIAL THEY REALLY ARE SO I THOUGHT THAT WAS REALLY COOL THAT WAS SOMETHING I REALLY ENJOYED,AND WHAT THAT MEANS FOR THEIR LIVES HOW SPECIAL THEY REALLY ARE SO I THOUGHT THAT WAS REALLY COOL THAT WAS SOMETHING I REALLY ENJOYED,"and what that means for their lives, how special they really are. So I thought that was really cool. That was something I really enjoyed.",0.04,0.03007518796992481,0.9591894571091382,0.04,0.03007518796992481,0.9591894571091382,0.0,0.0,1.0
/media/NAS/DATASET/1mDFDC/train/id00012/IYaT706uSpQ/00042/real.mp4,THAT YOU KNOW KEVIN BACON WAS ALREADY ATTACHED KEVIN WILLIAMSON WHO IS A HUGE FAN OF FROM SCREEN ALONG WITH YOU KNOW ALL HIS T,YOU KNOW KEVIN BACON WAS ALREADY ATTACHED KEVIN WILLIAMSON WHO WAS A HUGE FAN OF SOME SCREAM ALONG WITH YOU KNOW ALL HIS DIFFERENT,THAT YOU KNOW KEVIN BACON WAS ALREADY ATTACHED KEVIN WILLIAMSON WHO IS A HUGE FAN OF FROM SCREAM ALONG WITH YOU KNOW ALL HIS T,"that Kevin Bacon was already attached, Kevin Williamson who is a huge fan of from Scream along with all his TV shows.",0.3181818181818182,0.22608695652173913,0.5933067045090704,0.36363636363636365,0.26956521739130435,0.46510525353550475,0.2727272727272727,0.20869565217391303,0.6963845241054852
/media/NAS/DATASET/1mDFDC/train/id00012/IYaT706uSpQ/00053/real.mp4,TOGETHER TO INVESTIGATE PEOPLE THAT ARE ALREADY IN PRISON AND THAT'S EXACTLY WHAT I'D SPENT,TOGETHER TO INVESTIGATE PEOPLE THAT ARE ALREADY IN PRISON AND THAT'S EXACTLY WHAT I SPENT,TOGETHER TO INVESTIGATE PEOPLE THAT ARE ALREADY IN PRISON AND THAT'S EXACTLY WHAT I'D SPENT,together to investigate people that are already in prison and that's exactly what I'd spent.,0.0,0.0,1.0,0.06666666666666667,0.011235955056179775,0.8666415730847504,0.0,0.0,1.0
/media/NAS/DATASET/1mDFDC/train/id00012/Pdni5zyZJYA/00082/real.mp4,SUPER PROFESSIONAL I WORK WITH ETHAN MOST OF THE TIME BECAUSE MY CHARACTER SORT OF GETS PAIRED UP WITH HIM BUT IT WAS EXCITING BECAUSE THAT YEAR HE WAS NOMINATED FOR AN OSCAR,SUPER PROFESSIONAL I WORKED WITH MOST OF THE TIME BECAUSE MY CHARACTER SORT OF GETS PAIRED UP WITH HIM BUT IT WAS EXCITING BECAUSE THAT YEAR HE WAS NOMINATED FOR AN OSCAR,SUPER PROFESSIONAL I WORK WITH ETHAN MOST OF THE TIME BECAUSE MY CHARACTER SORT OF GETS PAIRED UP WITH HIM BUT IT WAS EXCITING BECAUSE THAT YEAR HE WAS NOMINATED FOR AN OSCAR,I worked with Ethan most of the Time because my character sort Of gets paired up with him. But it was exciting because that Year he was nominated for an Oscar.,0.0967741935483871,0.1337579617834395,0.8802730032659041,0.0967741935483871,0.1592356687898089,0.8827916928185874,0.0967741935483871,0.1337579617834395,0.8802730032659041
/media/NAS/DATASET/1mDFDC/train/id00012/Pdni5zyZJYA/00080/real.mp4,AND THEN SHAVED IT AND SO I DIDN'T FEEL SO CONFIDENT ABOUT THAT FOR A LITTLE WHILE BUT I GOT OVER AND I STUCK WITH IT,ON THE SHIFT AND SO I FEEL SO CONFIDENT ABOUT THAT FOR A LITTLE WHILE BUT I GOT OVER AND I STUCK WITH IT,AND THEN SHAVED IT AND SO I DIDN'T FEEL SO CONFIDENT ABOUT THAT FOR A LITTLE WHILE BUT I GOT OVER IT I STUCK WITH IT,"and then shaved it. And so I didn't feel so confident about that for a little while, but I got over it and I stuck with it.",0.037037037037037035,0.025210084033613446,0.9000001338525341,0.2222222222222222,0.15126050420168066,0.6342478484947655,0.037037037037037035,0.03361344537815126,0.9000001338525341
/media/NAS/DATASET/1mDFDC/train/id00012/Pdni5zyZJYA/00085/real.mp4,I WOULD SAY YES I'VE BEEN ACTING FOR A VERY LONG TIME SO I FEEL LIKE I'VE UNDERSTAND THAT BUT THE FATHERHOOD THING IS BRAND IS GOING TO BE BRAND NEW TO ME SO I'M VERY EXCITED I WOULD SAY I'M MUCH MORE EXCITED THAN I AM NERVOUS BUT,I WOULD SAY YES I'VE BEEN ACTING FOR A VERY LONG TIME SO I FEEL LIKE I'VE KIND OF UNDERSTAND THAT BUT THE FATHERHOOD THING IS BRAND IS GOING TO BE BRAND NEW TO ME SO I'M VERY EXCITED I WOULD SAY I'M MUCH MORE EXCITED THAN I AM NERVOUS BUT,I WOULD SAY YES I'VE BEEN ACTING FOR A VERY LONG TIME SO I FEEL LIKE I KIND OF UNDERSTAND THAT BUT THE FATHERHOOD THING IS BRAND IS GOING TO BE BRAND NEW TO ME SO I'M VERY EXCITED I WOULD SAY I'M MUCH MORE EXCITED THAN I AM NERVOUS BUT,"I would say yes. I've been acting for a very long time, so I feel like I Understand that but the fatherhood thing is brand is gonna be brand new to me, so I'm very excited I would say I'm much more excited than I am nervous, but",0.0625,0.03167420814479638,0.871061359808849,0.10416666666666667,0.06787330316742081,0.8358486131387322,0.08333333333333333,0.058823529411764705,0.8561209455609029
/media/NAS/DATASET/1mDFDC/train/id00012/C_FAL9gv8bo/00020/real.mp4,RESPONDED TO IT PRETTY WELL BUT YEAH WE DEFINITELY GOT SOME QUESTIONS ABOUT IT AND WE'RE GIVING THEM OUT AT,EXPERIENCE OF IT PRETTY WELL BUT NOW WE HAVE A LOT OF QUESTIONS ABOUT IT AND WHAT WE HAVE ABOUT AND,RESPONDED TO IT PRETTY WELL BUT YEAH WE DEFINITELY GOT SOME QUESTIONS ABOUT IT AND WE'RE GIVEN THEM OUT AT AT,"people responded to it pretty well. But yeah, we definitely got some questions about it. And we're giving them out at.",0.047619047619047616,0.061946902654867256,0.951229424500714,0.6190476190476191,0.40707964601769914,0.23418123261847468,0.14285714285714285,0.10619469026548672,0.8137489370974955
/media/NAS/DATASET/1mDFDC/train/id00012/C_FAL9gv8bo/00030/real.mp4,WORK I THINK ON PRINT THINGS NOW WE'RE DONE INTERVIEWS BUT JUST SORT OF MAYBE SOME THINGS IT'S BEEN MISPRINTED LIKE VICE VERSA,WORK I THINK IMPORTANT THINGS THAT I WOULD HAVE DONE INTERVIEWS WHICH IS SORT OF MAYBE SOME THINGS WHERE IT'S BEEN MISPRICED LIKE I'M FRIENDS WITH,WORK I THINK ON PRINT THINGS NOW WE'VE DONE INTERVIEWS BUT JUST SORT OF MAYBE SOME THINGS IT'S BEEN MISPRINTED LIKE VICE VER IT FOR,"I think on print things not where I've done interviews, but just sort of maybe some things It's been misprinted like advice for it for",0.32,0.16793893129770993,0.633228937255162,0.6,0.40458015267175573,0.2012015040640522,0.24,0.11450381679389313,0.6585998203124325
/media/NAS/DATASET/1mDFDC/train/id00012/C_FAL9gv8bo/00024/real.mp4,HE'S COMFORTABLE IN SOME OF THESE SCENARIOS AND THAT SO WE HAD SOMEBODY ON SET THAT WAS SORT OF MONITORING,COMFORTABLE IN SOME OF THESE SCENARIOS AND SO WE HAD SOMEBODY ON SET THAT WAS SORT OF MONITORING,HE'S COMFORTABLE IN SOME OF THESE SCENARIOS AND THAT SO WE HAD SOMEBODY ON SET THAT WAS SORT OF MONITORING,is comfortable in some of these scenarios and that. So we had somebody on set that was sort of monitoring.,0.05,0.019230769230769232,0.9457416090031758,0.1,0.07692307692307693,0.8061898627027144,0.05,0.019230769230769232,0.9457416090031758
/media/NAS/DATASET/1mDFDC/train/id00012/C_FAL9gv8bo/00023/real.mp4,SORT OF WEIRD AWKWARD MOMENTS THROUGHOUT THAT TO ME FELT REALLY REAL AND INTERESTING WHEN I WAS WATCHING IT BACK SO I REALLY ENJOYED THAT AND,OF WEIRD AWKWARD MOMENTS THROUGHOUT THAT TO ME FELT REALLY WEIRD AND INTERESTING WHEN I WAS WATCHING THE BACK SO I REALLY ENJOYED THAT AND,SORT OF WEIRD AWKWARD MOMENTS THROUGHOUT THAT TO ME FELT REALLY REAL AND INTERESTING WHEN I WAS WATCHING IT BACK SO I REALLY ENJOYED THAT AND,"of sort of weird, awkward moments throughout that to me felt really real and interesting when I was watching it back. So I really enjoyed that.",0.07692307692307693,0.05,0.9590965597935381,0.19230769230769232,0.1357142857142857,0.7028500549171712,0.07692307692307693,0.05,0.9590965597935381
/media/NAS/DATASET/1mDFDC/train/id00012/UiPa-HfABJQ/00089/real.mp4,I THINK THAT WE COULD HAVE CONTINUED TO EXPLORE THEIR BACK STORIES AND THEY WOULD HAVE BEEN REALLY THAT WOULD HAVE BEEN AMAZING BUT I THINK WE WOULD HAVE THE SEASON OR NEXT SEASON OR WHATEVER IF WE HAD MORE TIME SO I BUT,I THINK THAT WE COULD HAVE CONTINUED TO EXPLORE THEIR BACK STORIES THEN THEY WOULD HAVE BEEN REAL SO THAT WOULD BE AMAZING BUT I THINK WE WILL HAVE THIS SEASON OR NEXT SEASON OR WE HAVE WE HAVE MORE TIME SO BUT,I THINK THAT WE COULD HAVE CONTINUED TO EXPLORE THEIR BACK STORIES AND THEY WOULD HAVE BEEN REALLY THAT WOULD HAVE BEEN AMAZING BUT I THINK WE WOULD HAVE THE SEASON OR NEXT SEASON WHATEVER IF WE'D HAD MORE TIME SO I BUT,I think that we could have continued to explore their backstories and that would have been amazing. But I think we would have this season or next season or whatever if we had more time.,0.3142857142857143,0.2185792349726776,0.6473880977840732,0.42857142857142855,0.2677595628415301,0.47634317009875377,0.37142857142857144,0.24043715846994534,0.5379259824297896
/media/NAS/DATASET/1mDFDC/train/id00012/UiPa-HfABJQ/00090/real.mp4,THAT WOULD HAVE BEEN INTERESTING TO SEE EVEN MORE SO SOME OF THAT SIDE OF HIS CHARACTER AND HIS PERSONALITY BUT YOU KNOW WE TOUCHED ON,THAT WOULD BE INTERESTING TO SEE EVEN MORE SO SOME OF THAT SIDE OF HIS CHARACTER HIS PERSONALITY BUT I DON'T KNOW WHAT THAT SHOW,THAT WOULD HAVE BEEN INTERESTING TO SEE EVEN MORE SO SOME OF THAT SIDE OF HIS CHARACTER AND HIS PERSONALITY BUT YOU KNOW WE TOUCHED ON,"That would have been interesting to see even more so some of that side of his character and his personality, but you know we touched on",0.0,0.0,1.0,0.3076923076923077,0.19402985074626866,0.5566206388474307,0.0,0.0,1.0
/media/NAS/DATASET/1mDFDC/train/id00012/UiPa-HfABJQ/00088/real.mp4,MORE OF YOU KNOW JINX THE SORT OF ROMANTIC SIDE AND ALSO GET INTO A LITTLE BIT MORE EVEN OF HIS BACK STORY I THINK,MORE OF YOU KNOW JUST THE SORT OF ROMANTIC SIDE AND ALSO GETTING TO BE A LITTLE BIT MORE OF HIS BACK STORY,MORE OF YOU KNOW JINXIE SORT OF ROMANTIC SIDE AND ALSO GET INTO A LITTLE BIT MORE EVEN OF HIS BACK STORY I THINK,"more of, you know, Jinx's sort of romantic side and also get into a little bit more even of his back story.",0.18181818181818182,0.11650485436893204,0.760856626273165,0.2727272727272727,0.17475728155339806,0.51646155199069,0.13636363636363635,0.0970873786407767,0.7947545184555568
/media/NAS/DATASET/1mDFDC/train/id00012/OuYBFCAc6GE/00069/real.mp4,HAD JUST LOST HIS JOB I CAME OVER WHAT HE WAS DOING BUT HE WANTED TO BE AN ARTIST HE WANTED TO BE A COMIC BOOK ARTIST AND HE'S LIKE IF YOU FOLLOW ME I'LL DO,HAD JUST LOST HIS JOB I CAN'T REMEMBER WHAT HE WAS DOING BUT HE WANTED TO BE AN ARTIST HE WANTED TO BE A COMIC BOOK ARTIST AND HE SAID IF YOU FOLLOW ME I'LL DO,HAD JUST LOST HIS JOB I CAME REMEMBER WHAT HE WAS DOING BUT HE WANTED TO BE AN ARTIST HE WANTED TO BE A COMIC BOOK ARTIST AND HE'S LIKE IF YOU FOLLOW ME I'LL DO,"had just lost his job. I can't remember what he was doing, but he wanted to be an artist. He wanted to be a comic book artist. And he's like, if you follow me, I'll do...",0.05555555555555555,0.05063291139240506,0.8966773400768917,0.05555555555555555,0.03164556962025317,0.8966773400768917,0.027777777777777776,0.012658227848101266,0.9257518071011758
/media/NAS/DATASET/1mDFDC/train/id00012/OuYBFCAc6GE/00073/real.mp4,BUT I TALKED TO JACK THE VERY BEGINNING AND I THINK THEY WERE HAVING A HARD TIME CASTING AND FINDING THAT CHARACTER SO HE WAS VERY MUCH OPEN TO WHAT I WAS GOING TO BRING TO IT SO HE'S JUST LIKE LET'S LET'S WORK ON IT LET'S SEE WE'RE WHERE THIS CAN GO AND WHAT YOU CAN BRING TO IT SO THAT WAS REALLY COOL BUT I WE DIDN'T REALLY WELL MAYBE HE HAD A PLAN BUT HE DIDN'T TELL ME TOO MUCH YOU KNOW YOU KIND OF,BUT I TALKED TO JACK THE VERY BEGINNING AND I THINK THEY WERE HAVING A HARD TIME CASTING AND FINDING THAT CHARACTER SO HE WAS VERY MUCH OPEN TO WHAT I WAS GOING TO BRING TO IT SO HE'S JUST LIKE LET'S LET'S WORK ON IT LET'S SEE WHERE WHERE THIS CAN GO AND WHAT YOU CAN BRING TO IT SO THAT WAS REALLY COOL BUT I WE DIDN'T REALLY WELL MAYBE HE HAD A PLAN BUT HE DIDN'T TELL ME TOO MUCH YOU KNOW YOU KIND OF,BUT I TALKED TO JACK THE VERY BEGINNING AND I THINK THEY WERE HAVING A HARD TIME CASTING AND FINDING THAT CHARACTER SO HE WAS VERY MUCH OPEN TO WHAT I WAS GOING TO BRING TO IT SO HE'S JUST LIKE LET'S LET'S WORK ON IT LET'S SEE WE'RE WHERE THIS CAN GO AND WHAT YOU CAN BRING TO IT SO THAT WAS REALLY COOL BUT I WE DIDN'T REALLY WELL MAYBE HE HAD A PLAN BUT HE DIDN'T TELL ME TOO MUCH YOU KNOW YOU KIND OF,"But I talked to Jack at the very beginning and I think they were having a hard time casting and finding that character. So he was very much open to what I was going to bring to it. So he's just like, let's work on it. Let's see where this can go and what you can bring to it. So that was really cool. But we didn't really... Well, maybe he had a plan, but he didn't tell me too much.",0.1111111111111111,0.09836065573770492,0.8446886146074546,0.1111111111111111,0.10109289617486339,0.8536251015518258,0.1111111111111111,0.09836065573770492,0.8446886146074546
/media/NAS/DATASET/1mDFDC/train/id00012/OuYBFCAc6GE/00075/real.mp4,TO THE ACTORS STRENGTHS AND WHAT THEY BRING TO IT SO YEAH SO IT WAS INTERESTING KIND OF FINDING AND I REALLY DIDN'T KNOW TOO FAR AHEAD OF TIME WHERE IT WAS GOING SO IT'S KIND OF FUN NOT TO BE READING THE SCRIPTS AND SEEING WHAT WHAT IS UNFOLD,TO THE ACTORS THE STRENGTHS AND WHAT THEY BRING TO IT SO YEAH SO IT WAS INTERESTING KIND OF FINDING AND I REALLY DIDN'T KNOW TOO FAR AHEAD OF TIME WHERE IT WAS GOING SO IT'S KIND OF FUN THOUGH TO BE READING THE SCRIPTS AND SEEING WHAT WHAT IS UNFOLD,TO THE ACTORS STRENGTHS AND WHAT THEY BRING TO IT SO YEAH SO IT WAS INTERESTING KIND OF FINDING AND I REALLY DIDN'T KNOW TOO FAR AHEAD OF TIME WHERE IT WAS GOING SO IT'S KIND OF FUN NOT TO BE READING THE SCRIPTS AND SEEING WHAT WHAT IS UNFOLD,"to the actors' strengths and what they bring to it. So yeah, it was interesting kind of finding it. And I really didn't know too far ahead of time where it was going. So it's kind of fun though to be reading the scripts and seeing what is unfolding.",0.10204081632653061,0.07883817427385892,0.808266169654161,0.10204081632653061,0.07468879668049792,0.8122932275330503,0.10204081632653061,0.07883817427385892,0.808266169654161
/media/NAS/DATASET/1mDFDC/train/id00012/OuYBFCAc6GE/00072/real.mp4,THEY KIND OF SAID WE'RE GOING TO BRING IN FOR ONE OR TWO AND YOU KNOW POTENTIALLY FOR LONGER BUT YOU KNOW KIND OF SEE HOW IT WENT SO THAT'S ALL,THEY KIND OF SAID WELL BUT IF YOU'RE ONE OR TWO YOU YOU KNOW POTENTIALLY FOR LONGER BUT YOU'RE GOING TO SEE HOW IT WENT SO THAT'S,THEY KIND OF SAID WE'RE GOING TO BRING IN FOR ONE OR TWO AND YOU KNOW POTENTIALLY FOR LONGER BUT YOU KNOW KIND OF SEE HOW IT WENT SO THAT'S ALL,"And they kind of said, we're going to bring you in for one or two and potentially for longer but kind of see how it went. So that's all.",0.20689655172413793,0.1984732824427481,0.7021387429293126,0.5172413793103449,0.366412213740458,0.38618960878695263,0.20689655172413793,0.1984732824427481,0.7021387429293126
/media/NAS/DATASET/1mDFDC/train/id00012/OuYBFCAc6GE/00078/real.mp4,BRINGING HIM INTO THE FOLD A LITTLE BIT MORE I THINK THAT THERE'S A LOT OF PLACES THAT THEY COULD GO WITH THE CHARACTER SO I WOULD LOVE FOR THAT TO BE THE CASE BUT WE'LL JUST HAVE TO WAIT AND SEE,BRING HIM INTO FOLD A LITTLE BIT MORE I THINK THAT THERE'S A LOT OF PLACES THAT THEY CAN GO WITH THE CHARACTER SO I WOULD LOVE FOR THAT TO BE THE CASE BUT WE'LL JUST HAVE TO WAIT AND SEE,BRINGING HIM INTO THE FOLD A LITTLE BIT MORE I THINK THAT THERE'S A LOT OF PLACES THAT THEY COULD GO WITH THE CHARACTERS SO I WOULD LOVE FOR THAT TO BE THE CASE BUT WE'LL JUST HAVE TO WAIT AND SEE,"bringing him into the fold a little bit more, I think that there's a lot of places that they could go with the characters. So I would love for that to be the case, but we'll just have to wait and see.",0.023809523809523808,0.005154639175257732,0.9370011451812967,0.09523809523809523,0.061855670103092786,0.7905353991959094,0.0,0.0,1.0
/media/NAS/DATASET/1mDFDC/train/id00012/OuYBFCAc6GE/00068/real.mp4,INTERACT WITH YOUR FANS A LOT MORE AND I'VE PEOPLE SEND AMAZING ARTWORK AND STUFF THERE'S A GUY WHO TOLD ME THAT HE WAS HE,INTERACT WITH OUR FANS ABOUT WHAT WE HAVE PEOPLE SET UP AS AN ARTWORK AS IF THERE'S A GUY WHO TOLD ME THAT HE WAS,INTERACT WITH YOUR FANS A LOT MORE AND I'VE PEOPLE SEND AMAZING ARTWORK AND STUFF THERE'S A GUY WHO TOLD ME THAT HE WAS HE,interact with your fans a lot more and I've people send amazing artwork and stuff there's a guy who told me that he was,0.041666666666666664,0.02564102564102564,0.9573479717381596,0.5,0.23931623931623933,0.363353641549119,0.041666666666666664,0.02564102564102564,0.9573479717381596
/media/NAS/DATASET/1mDFDC/train/id00012/OuYBFCAc6GE/00076/real.mp4,TO BE POSSIBILITIES FOR STEVE TO COME BACK I THINK IT'LL BE HOW PEOPLE RESPOND TO THE CHARACTER I THINK THAT'S PROBABLY GOING TO BE A BIG PART OF THEIR DECISIONS AND ALSO I THINK IF THEY CAN COME UP WITH INTERESTING STORYLINES I KNOW THAT THAT'S OBVIOUSLY YOU KNOW IF THE CHARACTER THEY FEEL HAS RUN ITS COURSE THEN YOU KNOW MAYBE NOT BUT,TO BE POSSIBILITIES FOR STEVE TO COME BACK I THINK IT'LL BE HOW PEOPLE RESPOND TO THE CHARACTER I THINK THAT'S PROBABLY GOING TO BE A BIG PART OF THEIR DECISIONS AND ALSO I THINK IF THEY CAN COME UP WITH INTERESTING STORYLINES I KNOW THAT THAT'S OBVIOUSLY YOU KNOW IF THE CHARACTER DO THEY FEEL HAS RUN ITS COURSE THEN YOU KNOW MAYBE NOT BUT,TO BE POSSIBILITIES FOR STEVE TO COME BACK I THINK IT'LL BE HOW PEOPLE RESPOND TO THE CHARACTER I THINK THAT'S PROBABLY GOING TO BE A BIG PART OF THEIR DECISIONS AND ALSO I THINK IF THEY CAN COME UP WITH INTERESTING STORYLINES I KNOW THAT THAT'S OBVIOUSLY YOU KNOW IF THE CHARACTER THEY FEEL HAS RUN ITS COURSE THEN YOU KNOW MAYBE NOT BUT,"for there to be possibilities for Steve to come back. I think it'll be how people respond to the character. I think that's probably gonna be a big part of their decisions. And also, I think if they can come up with interesting storylines, I know that that's obviously, you know, if the character they feel has run its course, then, you know, maybe not.",0.07692307692307693,0.05621301775147929,0.9144330077667217,0.09230769230769231,0.0650887573964497,0.8900869742904257,0.07692307692307693,0.05621301775147929,0.9144330077667217
/media/NAS/DATASET/1mDFDC/train/id00012/L5fo1OvuXIg/00063/real.mp4,CHARACTERS BUT ALSO JUST MORE OF THE WORLD SO IT FEELS PRETTY EXCITING FEELS PRETTY EXPANSIVE AND LIKE IT FEELS LIKE YOU ARE WE CAN REALLY INHABIT IT AND THERE'S STILL MORE TO SEE YOU KNOW LIKE THAT'S THE PRETTY EXCITING THINGS THERE'S NO DOESN'T FEEL LIKE THERE'S A,COMPARED TO JUST MORE OF THE WORLD SO IT FEELS PRETTY EXCITING IT FEELS PRETTY EXPENSIVE AND IT'S FEELS LIKE YOU WERE WE COULD REALLY INHABIT IT AND THERE'S STILL MORE TO SEE YOU KNOW LIKE THAT'S PRETTY EXCITING THINGS SO JUST FEEL LIKE THERE'S A,CHARACTERS ARE BUT ALSO JUST MORE OF THE WORLD SO IT FEELS PRETTY EXCITING FEELS PRETTY EXPENSIVE AND LIKE IT FEELS LIKE YOU ARE WE CAN REALLY INHABIT IT AND THERE'S STILL MORE TO SEE YOU KNOW LIKE THAT'S THE PRETTY EXCITING THINGS THERE'S NO DOESN'T FEEL LIKE THERE'S A,"characters, but also just more of the world. So it feels pretty exciting, it feels pretty expansive. And it feels like we can really inhabit it. And there's still more to see. That's the pretty exciting thing. Doesn't feel like there's a way.",0.2558139534883721,0.1956521739130435,0.6370986038740842,0.37209302325581395,0.23478260869565218,0.5173212842244417,0.3023255813953488,0.21739130434782608,0.5750727400333694
/media/NAS/DATASET/1mDFDC/train/id00012/L5fo1OvuXIg/00057/real.mp4,AND WE'VE LOST AND I THINK JOHN THAT'S REALLY REALLY DIFFICULT THAT'S A HUGE PRIORITY IS TO FIGURE OUT WHERE HE IS WE DON'T KNOW WHERE,AND WE'VE LOST IT HALFWAY AND I THINK THE SHOW GETS REALLY REALLY DIFFICULT THAT'S A HUGE PRIORITY IS TO FIGURE OUT WHERE HE IS WE DON'T KNOW WHERE HE,AND WE'VE LOST AND I THINK JOHN THAT'S REALLY REALLY DIFFICULT THAT'S A HUGE PRIORITY IS TO FIGURE OUT WHERE HE IS WE DON'T KNOW WHERE HE,and we've lost Dav and I think John that's really really difficult that's a huge priority is to figure out where he is we don't know where,0.037037037037037035,0.029850746268656716,0.9000001338525341,0.2222222222222222,0.15671641791044777,0.6744322250214191,0.07407407407407407,0.05223880597014925,0.8985396083419646
/media/NAS/DATASET/1mDFDC/train/id00012/L5fo1OvuXIg/00066/real.mp4,NOT TO SAY THAT WE DON'T STILL YOU KNOW HAVE A LOT OF INTERPERSONAL STUFF THAT WE KIND OF GO THROUGH BUT WE ARE MUCH MORE SORT OF AS A TEAM REACTING TO THE GREATER WORLD THAN,NOT TO SAY THAT WE DON'T STILL YOU KNOW HAVE A LOT OF INTERPERSONAL STUFF THAT WE KIND OF GO THROUGH BUT WE ARE MUCH MORE SORT OF AS A TEAM REACTING TO THE GREATER WORLD THAN REALLY,RIGHT NOT TO SAY THAT WE DON'T STILL YOU KNOW HAVE A LOT OF INTERPERSONAL STUFF THAT WE KIND OF GO THROUGH BUT WE ARE MUCH MORE SORT OF AS A TEAM REACTING TO THE GREATER WORLD THAN,"Not to say that we don't still have a lot of interpersonal stuff that we kind of go through, but we are much more, as a team, reacting to the greater world.",0.15625,0.1456953642384106,0.7692180976814641,0.1875,0.19205298013245034,0.748123545852203,0.1875,0.18543046357615894,0.748123545852203
/media/NAS/DATASET/1mDFDC/train/id00012/L5fo1OvuXIg/00065/real.mp4,I ALSO THINK THAT ONCE WE GOT PAST IN THE FIRST SEASON REALLY STARTED TO SOLIDIFY WHAT OUR DYNAMIC WAS WITH EACH OTHER THEN WE CAN KIND OF START TO EXPLORE WHAT OUR DYNAMIC IS WITH THE REST OF THE UNIVERSE,I ALSO THINK THAT ONCE WE GOT PAST THE IN THE FIRST SEASON REALLY STARTED TO SOLIDIFY WHAT OUR DYNAMIC WAS WITH EACH OTHER THEN WE KIND OF STARTED TO EXPLORE WHAT OUR DYNAMIC IS WITH THE REST OF THE UNIVERSE,I ALSO THINK THAT ONCE WE GOT PAST IN THE FIRST SEASON REALLY STARTED TO SOLIDIFY WHAT OUR DYNAMIC WAS WITH EACH OTHER THEN WE CAN KIND OF START TO EXPLORE WHAT OUR DYNAMIC IS WITH THE REST OF THE UNIVERSE,"I also think that once we got past in the first season, really started to solidify what our dynamic was with each other, then we can kind of start to explore what our dynamic is with the rest of the universe.",0.0,0.0,1.0,0.07317073170731707,0.04878048780487805,0.8355839342412108,0.0,0.0,1.0
/media/NAS/DATASET/1mDFDC/train/id00012/L5fo1OvuXIg/00060/real.mp4,WELL I MEAN I THINK THAT JOHN ALWAYS LIKE ALL HE WANTED WAS WAS AND HIM THEIR RELATIONSHIP,WELL I MEAN I THINK THAT JOHN HOWARD DID ALL HE WANTED WAS WAS TO HAVE HIM THEIR RELATIONSHIP,WELL I MEAN I THINK THAT JOHN ALWAYS LIKE ALL HE WANTED WAS WAS AND HIM THEIR RELATION,"Well, I mean, I think that John, like all he wanted was Dav and him, their relationship.",0.11764705882352941,0.10843373493975904,0.667278568794606,0.29411764705882354,0.21686746987951808,0.5072784644062104,0.17647058823529413,0.1566265060240964,0.6031612036218008
/media/NAS/DATASET/1mDFDC/train/id00012/L5fo1OvuXIg/00058/real.mp4,KNOW WE WE KNOW THAT KLEIN HAS TAKEN THEM OR WE SUSPECT THE KLEIN HAS TAKEN AND WE ACTUALLY DON'T KNOW THAT FOR A FACT SO YOU KNOW THAT'S OUR MISSION AND WE'RE REALLY GOING TO FIND,WE WE KNOW THAT KLEIN IS GETTING WE SUSPECT THE KLEIN IS GETTING WE ACTUALLY DON'T KNOW THAT FOR A FACT SO YOU KNOW THAT'S OUR MISSION AND WE'RE REALLY GOING TO FIND,KNOW WE WE KNOW THAT KLEIN HAS TAKEN HIM OR WE SUSPECT THE KLEIN HAS TAKEN AND WE ACTUALLY DON'T KNOW THAT FOR A FACT SO YOU KNOW THAT'S OUR MISSION AND WE'RE REALLY GOOD TO FIND,"we know that Klein has taken him, or we suspect that Klein has taken him. We actually don't know that for a fact. So that's our mission, and we're really good at finding him.",0.3235294117647059,0.21686746987951808,0.5258251526056025,0.4411764705882353,0.2891566265060241,0.45762167152373756,0.2647058823529412,0.18674698795180722,0.6356803094319038
/media/NAS/DATASET/1mDFDC/train/id00012/L5fo1OvuXIg/00064/real.mp4,AT RED SEVENTEEN AND THEY'VE BEEN KIND OF EXPERIMENTING WITH ME FOR FIVE DAYS SO SEASON TWO PICKS UP FIVE DAYS AFTER SEASON ONE,I READ SEVENTEEN AND THEY'VE BEEN KIND OF EXPERIMENTING WITH ME FOR FIVE DAYS SO SEASON TWO PICKS UP FIVE DAYS AFTER SEASON ONE WHICH IS,AT RED SEVENTEEN AND THEY'VE BEEN KIND OF EXPERIMENTING WITH ME FOR FIVE DAYS SO SEASON TWO PICKS UP FIVE DAYS AFTER SEASON ONE,at Red 17 and they've been kind of experimenting with me for five days so season two picks up five days after season one.,0.041666666666666664,0.07563025210084033,0.8971148504974097,0.20833333333333334,0.17647058823529413,0.7954369121903441,0.041666666666666664,0.07563025210084033,0.8971148504974097
/media/NAS/DATASET/1mDFDC/train/id00012/clK27q0FqLs/00124/real.mp4,YEAH CHARACTERS AS JOHN JACOBY AND HE'S BEEN KILLJOYING WITH DUTCHESS CHARACTER BUT HE'S DEFINITELY NOT AS SKILLED HE'S NOT AS DANGEROUS,YEAH CHARACTERS AS JOSH CARMEN AND HE'S BEEN ILLUSTRATED WITH DUNGEON'S CHARACTER BUT HE'S DEFINITELY NOT AS SKILLED HE'S NOT AS DANGEROUS,YEAH CHARACTERS AS JOHN JACOBY AND HE'S BEEN KILLJOYING WITH DUCHESS CHARACTER BUT HE'S DEFINITELY NOT AS SKILLED HE'S NOT AS DANGEROUS,"Yeah, um, the character is John Jacoby and he's been killjoying with Dutch's character, but he's definitely not as skilled. He's not as dangerous.",0.20833333333333334,0.08029197080291971,0.6705914420537223,0.3333333333333333,0.21897810218978103,0.4966038639224975,0.20833333333333334,0.08759124087591241,0.6705914420537223
/media/NAS/DATASET/1mDFDC/train/id00012/dGBIDj-zRuU/00126/real.mp4,YOU KNOW SIMILAR LIKE AWESOME ENERGIES EVERYBODY'S DRESSED UP AND THAT'S REALLY INTERESTING AND GETS ME,YOU KNOW THESE WERE LIKE AWESOME ENERGIES AND EVERYBODY DRESSED UP AND THAT'S REALLY IT REALLY GETS ME,YOU KNOW SIMILAR LIKE AWESOME ENERGIES EVERYBODY'S DRESSED UP AND THAT'S REALLY INTERESTING AND GETS ME,"you know, similar, like awesome energies, everybody's dressed up, and that's really interesting and gets me.",0.0,0.0,1.0,0.375,0.24752475247524752,0.3262478546610938,0.0,0.0,1.0
/media/NAS/DATASET/1mDFDC/train/id00012/dGBIDj-zRuU/00137/real.mp4,NO PEOPLE HAVEN'T COME UP TO ME AND DONE THAT TOO MUCH LIKE OCCASIONALLY BUT IT'S ALWAYS WHEN IT'S HAPPENED THEY KNOW IT'S GOING TO BE A BAD JOKE,NO PEOPLE HAVEN'T COME UP TO ME AND SAY THAT TOO MUCH OCCASIONALLY BUT IT'S ALWAYS WHEN IT'S HAPPENED THEY KNOW IT'S GOING TO BE ME,NO PEOPLE HAVEN'T COME UP TO ME AND DONE THAT TOO MUCH OCCASIONALLY BUT IT'S ALWAYS WHEN IT'S HAPPENED THEY KNOW IT'S GOING TO BE A BAD JOKE,"No, people haven't come up to me and done that too much. Like occasionally, but it's always, when it's happened, they know it's gonna be a bad.",0.1111111111111111,0.07518796992481203,0.833078701050083,0.2222222222222222,0.13533834586466165,0.6181893890623994,0.14814814814814814,0.11278195488721804,0.7637483416234716
/media/NAS/DATASET/1mDFDC/train/id00012/dGBIDj-zRuU/00131/real.mp4,THE CHARACTERS THE BIG DIFFERENCE BETWEEN JIMMY AND STEVE AND THOSE DYNAMICS IS THAT STEVE IS GAY SO,AND THE BIG DIFFERENCE BETWEEN GERMANY AND STEVE AND THEIR DYNAMICS IS THAT STEVE IS ADAM SO,THE CHARACTERS THE BIG DIFFERENCE BETWEEN JIMMY AND STEVE AND THOSE DYNAMICS IS THAT STEVE IS GAY SO,The big difference between Jimmy and Steve and those dynamics is that Steve is gay.,0.2,0.21951219512195122,0.8172460049207133,0.3333333333333333,0.21951219512195122,0.4295136946366521,0.2,0.21951219512195122,0.8172460049207133
/media/NAS/DATASET/1mDFDC/train/id00012/dGBIDj-zRuU/00129/real.mp4,ONLY FIVE YEARS OLD WHO WATCH SMALLVILLE OR SOMEBODY WHO'S REALLY YOUNG AND IT DOES REALLY KIND OF CROSS AN AGE RANGE SO THAT'S REALLY NEAT YOU ALWAYS RAN INTO DIFFERENT PEOPLE AND EVEN AT,FIVE YEARS OLD WHO WATCH SMARTPHONE OR SOMEBODY WHO'S REALLY YOUNG AND IT DOES REALLY KIND OF CROSS THE AGE RANGE SO THAT'S REALLY NEAT YOU KNOW IT'S GREAT TO HEAR FROM PEOPLE I LOVE LAST,ONLY FIVE YEARS OLD WHO WATCH SMALLVILLE OR SOMEBODY WHO'S REALLY YOUNG AND IT DOES REALLY KIND OF CROSS AN AGE RANGE SO THAT'S REALLY NEAT YOU ALWAYS RAN INTO DIFFERENT PEOPLE AND EVEN AT,75 years old who watch Smallville or somebody who's really young and it does really kind of cross an age range. So that's really neat. You always ran into different people and even at.,0.058823529411764705,0.05027932960893855,0.9402297675816911,0.35294117647058826,0.22905027932960895,0.5331675363405771,0.058823529411764705,0.05027932960893855,0.9402297675816911
/media/NAS/DATASET/1mDFDC/train/id00012/dGBIDj-zRuU/00128/real.mp4,IT'S BEEN GREAT I MEAN TO BE HONEST WITH YOU I THINK THAT MOST OF THE PEOPLE WHO HAVE BEEN INTO YOU KNOW SMALLVILLE AND STUFF ARE ALL YOU KNOW ARE BIG SCI FI FANS AND THAT BUT TO PLAY,IT'S BEEN GREAT I MEAN TO BE HONEST WITH YOU I THINK THAT MOST OF THE PEOPLE WHO HAVE BEEN INTO YOU KNOW SMALL AND DIFFICULTY ARE PRETTY TOUGH ON FANS BUT TO PLAY,IT'S BEEN GREAT I MEAN TO BE HONEST WITH YOU I THINK THAT MOST OF THE PEOPLE WHO HAVE BEEN INTO YOU KNOW SMALLVILLE AND STUFF ARE ALL YOU KNOW ARE BIG SCI FI FANS AND THAT BUT TO PLAY,It's been great. I mean to be honest with you I think that most of the people who have been into you know small villain stuff are all you know are big sci -fi fans And and that but it to play,0.09523809523809523,0.06382978723404255,0.8154942257400704,0.30952380952380953,0.26595744680851063,0.584360092037786,0.09523809523809523,0.06382978723404255,0.8154942257400704
/media/NAS/DATASET/1mDFDC/train/id00012/dGBIDj-zRuU/00138/real.mp4,INVISIBLE AS GRANT MORRISON AND MY HEAD SHAVED AND I THOUGHT I WOULDN'T HAVE TO BE TOO MUCH,WHICH WAS QUITE IMPORTANT IN MY HEAD IN GENERAL AND I WOULDN'T HAVE TO BE TOO MUCH OF,INVISIBLES GRANT MORRISON AND MY HEAD SHAVED AND I THOUGHT I WOULDN'T HAVE TO BE TOO MUCH,"the invisibles, Grant Morrison, and my head's shaved, and I thought I wouldn't have to be too much.",0.16666666666666666,0.07526881720430108,0.7160350546947921,0.6111111111111112,0.5053763440860215,0.36191740494054153,0.1111111111111111,0.053763440860215055,0.7809325628873461
/media/NAS/DATASET/1mDFDC/train/id00012/dGBIDj-zRuU/00130/real.mp4,WENT TO IN THE STATES YEAH LIKE OLDER PEOPLE WHO THEY'D BE LIKE OH WE WATCH THE SHOW I'M LIKE REALLY LIKE YOU'RE OLDER THAN MY PARENTS BUT SO IT'S REALLY INTERESTING,WITH THESE KIDS YEAH LIKE OLDER PEOPLE SO I MEAN THEY'D BE LIKE OH WE'RE WATCHING YOU BUT REALLY LIKE OLDER THAN MY PARENTS BUT IT'S ALWAYS REALLY INTERESTING,WENT TO IN THE STATES YEAH LIKE OLDER PEOPLE WHO THEY'D BE LIKE OH WE WATCH THE SHOW I'M LIKE REALLY LIKE YOU'RE OLDER THAN MY PARENTS BUT SO IT'S REALLY INTERESTING,"I went to in the States. Yeah, like older people who I'd be like, oh, we watched the show. And I'm like, really? Like, you're older than my parents. But so it's really interesting.",0.11764705882352941,0.07228915662650602,0.7364895428039948,0.5882352941176471,0.3855421686746988,0.23988497852040266,0.11764705882352941,0.07228915662650602,0.7364895428039948
/media/NAS/DATASET/1mDFDC/train/id00012/dGBIDj-zRuU/00132/real.mp4,FORTUNATE TO WORK WITH SOME OF THE I THINK SOME OF THE BEST ACTRESSES WORKING YOUNG ACTRESSES IN T V SO IT'S BEEN GREAT,VERY FORTUNATE TO WORK WITH SOMEONE WHO I THINK SOME OF THE BEST ACTRESSES WORKING ON AN ACTRESS IN T V SO IT'S BEEN GREAT,FORTUNATE TO WORK WITH SOME OF THE I THINK SOME OF THE BEST ACTRESSES WORKING YOUNG ACTRESSES IN IN T V SO IT'S BEEN GREAT,"fortunate to work with some of the, I think some of the best actresses working, young actresses in TV. So it's been great.",0.08695652173913043,0.008547008547008548,0.839587623092576,0.391304347826087,0.15384615384615385,0.4751132438608344,0.13043478260869565,0.03418803418803419,0.80377750806414
/media/NAS/DATASET/1mDFDC/train/id00012/2DLq_Kkc1r8/00018/real.mp4,THOUGHT THAT THERE MIGHT BE A CHANCE BECAUSE THERE'S ARTIFACTS THAT WOULD SPECIFICALLY DO THAT SO I FELT PRETTY PRETTY GOOD ABOUT IT BUT I DIDN'T KNOW I DIDN'T KNOW UNTIL,I THOUGHT THERE MIGHT BE A CHANCE BECAUSE THERE'S MOTOR FANS THAT WOULD SPECIFICALLY DO THAT SO I FELT PRETTY PRETTY GOOD ABOUT IT BUT I DIDN'T KNOW I DIDN'T KNOW,THOUGHT THAT THERE MIGHT BE A CHANCE BECAUSE THERE'S ARTIFACTS THAT WOULD SPECIFICALLY DO THAT SO I FELT PRETTY PRETTY GOOD ABOUT IT BUT I DIDN'T KNOW I DIDN'T KNOW UNTIL,I thought that there might be a chance because there's artifacts that would specifically do that. So I felt pretty good about it. But I didn't know.,0.2222222222222222,0.1958041958041958,0.8105932471967202,0.25925925925925924,0.22377622377622378,0.665919709329876,0.2222222222222222,0.1958041958041958,0.8105932471967202
/media/NAS/DATASET/1mDFDC/train/id00012/2DLq_Kkc1r8/00017/real.mp4,GETTING TO COME BACK FOR THE SIX AND REALLY FINISH OUT STRONG I GUESS I THINK THAT WE ALL I'M REALLY HAPPY WHEN I READ THE FINALE AND STUFF I THOUGHT I COULDN'T IMAGINE A BETTER WAY TO FINISH THINGS SO,I GOT TO COME BACK FOR THESE THINGS AND REALLY FINISH OUT SO EARLY BECAUSE I THINK WE ALL I'M REALLY HAPPY WHEN I READ THE FINALE STUFF I THOUGHT I COULD IMAGINE A BETTER WAY TO FINISH THINGS SO,GETTING TO COME BACK FOR THE SIX AND REALLY FINISH OUT STRONG I GUESS I THINK THAT WE ALL I'M REALLY HAPPY WHEN I READ THE FINALE AND STUFF I THOUGHT I COULDN'T IMAGINE A BETTER WAY TO FINISH THINGS SO,Getting to come back for the six and really finish out strong like this I think that we all I'm really happy when I read the finale and stuff I thought I couldn't imagine a better way to finish things so,0.04878048780487805,0.03482587064676617,0.9099951253570094,0.24390243902439024,0.19402985074626866,0.5664692026283962,0.04878048780487805,0.03482587064676617,0.9099951253570094
/media/NAS/DATASET/1mDFDC/train/id00012/yi_qz725MjE/00164/real.mp4,INTERACTED AND THEY KNOW EACH OTHER THROUGH CHLOE BUT NOW THAT SHE'S NOT A DAILY PLANET I THINK IS GOING TO GIVE THEM MORE CHANCE KIND OF GET TO KNOW EACH OTHER WORK TOGETHER IN THAT ENVIRONMENT AND I THINK THE FRIENDSHIP WILL AT LEAST START,INTERACTED AND THEY KNOW EACH OTHER THROUGH CHLOE BUT NOW THAT SHE'S ON A DAILY PLANET I THINK IT'S GOING TO GET MORE CHANCE TO KIND OF GET TO KNOW EACH OTHER WORK TOGETHER IN THAT ENVIRONMENT AND I THINK THE FRIENDSHIP WILL AT LEAST START,INTERACTED AND THEY KNOW EACH OTHER THROUGH CHLOE BUT NOW THAT SHE'S NOT A DAILY PLANET I THINK IS GOING TO GIVE THEM MORE CHANCE TO KIND OF GET TO KNOW EACH OTHER WORK TOGETHER IN THAT ENVIRONMENT AND I THINK THE FRIENDSHIP WILL AT LEAST START,"interacted and they know each other through Chloe, but now that she's not at the Daily Planet, I think it's gonna give them more chance to kind of get to know each other and work together in that environment and I think the friendship will at least start",0.14583333333333334,0.072,0.7211067452533908,0.14583333333333334,0.08,0.7310178085908012,0.125,0.06,0.7738020286771149
/media/NAS/DATASET/1mDFDC/train/id00012/Z-G8-wqpxwU/00102/real.mp4,IT'S BEEN GREAT THIS IS MY THIRD TIME TO MELBOURNE GREAT PEOPLE I LOVE AUSTRALIA REALLY REALLY PASSIONATE FANS AND STUFF HERE SO IT'S BEEN REALLY REALLY FUN,IT'S BEEN GREAT THIS IS MY THIRD TIME TO MELBOURNE GREAT PEOPLE I LOVE AUSTRALIA REALLY REALLY PASSIONATE FANS AND STUFF HERE SO IT'S BEEN REALLY REALLY,IT'S BEEN GREAT THIS IS MY THIRD TIME TO MELBOURNE GREAT PEOPLE I LOVE AUSTRALIA REALLY REALLY PASSIONATE FANS AND STUFF HERE SO IT'S BEEN REALLY REALLY FUN,"It's been great. This is my third time to Melbourne. Great people. I love Australia. Really, really passionate fans and stuff here. So it's been really, really fun.",0.0,0.0,1.0,0.03571428571428571,0.025974025974025976,0.9636404443012863,0.0,0.0,1.0
/media/NAS/DATASET/1mDFDC/train/id00012/Z-G8-wqpxwU/00109/real.mp4,WILLING TO ANSWER I LOVE I LOVE DOING WHAT I DO AND THE PEOPLE COME AND MEET ME ARE THE PEOPLE SORT OF ALLOW ME TO DO THE JOB THAT I LOVE SO I'M OPEN YOU CAN ASK ME ANYTHING,DAY SO I LOVE I LOVE DOING WHAT I DO AND THE PEOPLE COME AND MEET ME ARE THE PEOPLE SORT OF ALLOW ME TO DO THE JOB THAT I LOVE SO I'M OPEN YOU CAN ASK ME ANYTHING,WILLING TO ANSWER I LOVE I LOVE DOING WHAT I DO AND THE PEOPLE COME AND MEET ME ARE THE PEOPLE SORT OF ALLOW ME TO DO THE JOB THAT I LOVE SO I'M OPEN YOU CAN ASK ME ANYTHING,willing to answer. I love doing what I do and the people that come and meet me are the people that allow me to do the job that I love. So I'm open. You can ask me anything.,0.13157894736842105,0.10778443113772455,0.8062138990457659,0.18421052631578946,0.1497005988023952,0.7550304085123603,0.13157894736842105,0.10778443113772455,0.8062138990457659
/media/NAS/DATASET/1mDFDC/train/id00012/Z-G8-wqpxwU/00091/real.mp4,ADELAIDE NOT A BALL AND IT'S NO DIFFERENT HERE LIKE GREAT PEOPLE EVERYBODY SUPER FRIENDLY REALLY WELL ORGANIZED SO YEAH IT'S,BALL AND IT'S NO DIFFERENT HERE LIKE GREAT PEOPLE EVERYBODY SUPER FRIENDLY AND REALLY WELL ORGANIZED SO YEAH IT'S GOOD,BERTH AND ADELAIDE NOT A BALL AND IT'S NO DIFFERENT HERE LIKE GREAT PEOPLE EVERYBODY SUPER FRIENDLY REALLY WELL ORGANIZED SO YEAH IT'S GOOD,Perth and Adelaide and had a ball and it's no different here like great people everybody's super friendly really well organized so yeah it's good to be here.,0.32142857142857145,0.21568627450980393,0.5533017450346546,0.39285714285714285,0.29411764705882354,0.4936424259956072,0.25,0.12418300653594772,0.6206602411568318
/media/NAS/DATASET/1mDFDC/train/id00012/Z-G8-wqpxwU/00104/real.mp4,WAS SORT OF INSPIRED BY MYSELF AND I DON'T KNOW IF IT WAS A CHARACTER I PLAYED OR ME AS AN ACTOR I'M NOT SURE,WAS SORT OF INSPIRED BY MYSELF AND I DON'T KNOW IF IT WAS A CHARACTER I PLAYED OR ME AS AN ACTOR I'M NOT SURE,WAS SORT OF INSPIRED BY MYSELF AND I DON'T KNOW IF IT WAS A CHARACTER I PLAYED OR ME AS AN ACTOR I'M NOT SURE,was sort of inspired by myself and I don't know if it was a character I played or me as an actor I'm not sure.,0.0,0.0,1.0,0.0,0.0,1.0,0.0,0.0,1.0
/media/NAS/DATASET/1mDFDC/train/id00012/Z-G8-wqpxwU/00105/real.mp4,I'VE SEEN TONS OF GREAT CAUSE PLAY I SAW A GREAT SUPERMAN THE OTHER DAY YOU KNOW CLASSIC STUFF I SAW SOME BOBA FET YOU KNOW WALKING AROUND WHICH IS ALWAYS A GREAT COSTUME SO YEAH REALLY AGAIN PASSIONATE PASSIONATE PEOPLE HERE IN AUSTRALIA AND I GREW UP READING COMIC BOOKS AND STUFF LIKE THAT SO THIS,I'VE SEEN TONS OF GREAT CAUSE PLAY I SAW A GREAT SUPERMAN THE OTHER DAY YOU KNOW CLASSIC STUFF I SAW SOME BOBA FET YOU KNOW WALKING AROUND WHICH IS ALWAYS A GREAT COSTUME SO YEAH REALLY AGAIN PASSIONATE PASSIONATE PEOPLE HERE IN AUSTRALIA AND I GREW UP READING COMIC BOOKS AND STUFF LIKE THAT SO THIS,I'VE SEEN TONS OF GREAT CAUSE PLAY I SAW A GREAT SUPERMAN THE OTHER DAY YOU KNOW CLASSIC STUFF I SAW SOME BOBA FET YOU KNOW WALKING AROUND WHICH IS ALWAYS A GREAT COSTUME SO YEAH REALLY AGAIN PASSIONATE PASSIONATE PEOPLE HERE IN AUSTRALIA AND I GREW UP READING COMIC BOOKS AND STUFF LIKE THAT SO THIS,"I've seen tons of great cosplay. I saw a great Superman the other day, you know, classic stuff. I saw some Boba Fett, you know, walking around, which is always a great costume. So yeah, really, again, passionate people here in Australia. And I grew up reading comic books and stuff like that.",0.11320754716981132,0.08633093525179857,0.8210624434098313,0.11320754716981132,0.08633093525179857,0.8210624434098313,0.11320754716981132,0.08633093525179857,0.8210624434098313
/media/NAS/DATASET/1mDFDC/train/id00012/Z-G8-wqpxwU/00101/real.mp4,SO I THINK IT REALLY STRUCK A CHORD PEOPLE BECAUSE I MEAN THAT SHOW I DON'T KNOW HOW LONG AGO AND WHILE WE'VE BEEN HERE THE CON A LOT OF PEOPLE COMING UP AND AND TALK ABOUT AND,SO I THINK IT REALLY STRUCK A CHORD WITH PEOPLE BECAUSE I MADE THAT SHOW I DON'T KNOW HOW LONG AGO AND WHILE WE'VE BEEN HERE THE CON A LOT OF PEOPLE COMING UP AND TALKING ABOUT,SO I THINK IT REALLY STRUCK A CHORD PEOPLE BECAUSE I MADE THAT SHOW I DON'T KNOW HOW LONG AGO AND WHILE WE'VE BEEN HERE AT THE CON A LOT OF PEOPLE COMING UP AND AND TALKING ABOUT,So I think it really struck a chord with people because I made that show I don't know how long ago and While we've been here at the con a lot of people have been coming up and and talking about,0.17073170731707318,0.14659685863874344,0.6606665949894875,0.0975609756097561,0.08900523560209424,0.7961231626387888,0.07317073170731707,0.07853403141361257,0.8442567301487961
/media/NAS/DATASET/1mDFDC/train/id00012/Z-G8-wqpxwU/00096/real.mp4,THAT WAS LIKE MY FAVORITE BUT I WOULD SAY THE DAYS OF FUTURE PAST IS A CLOSE SECOND I LOVE THE MOVIE I IT WAS ALSO THE FIRST TIME I'VE EVER MADE A FILM IN THREE D WHICH I THOUGHT WAS AMAZING I THOUGHT IT LOOKED GREAT ON THE BIG SCREEN AND WHAT IS,THAT WAS LIKE MY FAVORITE BUT I WOULD SAY THE TASTE OF FUTURE PAST IS A CLOSE SECOND I LOVE THE MOVIE I IT WAS ALSO THE FIRST TIME I'VE EVER MADE A FILM IN THREE D WHICH I THOUGHT WAS AMAZING I THOUGHT IT LOOKED GREAT ON THE BIG SCREEN AND,THAT WAS LIKE MY FAVORITE BUT I WOULD SAY THE DAYS OF FUTURE PAST IS A CLOSE SECOND I LOVE THE MOVIE I IT WAS ALSO THE FIRST TIME I'VE EVER MADE A FILM IN THREE D WHICH I THOUGHT WAS AMAZING I THOUGHT IT LOOKED GREAT ON THE BIG SCREEN AND WHAT IS,"That was like my favorite, but I would say the Days of Future Past is a close second. I loved the movie. It was also the first time I've ever made a film in 3D, which I thought was amazing. I thought it looked great on the big screen.",0.14285714285714285,0.09251101321585903,0.7819384481360171,0.12244897959183673,0.07488986784140969,0.7604377021514221,0.14285714285714285,0.09251101321585903,0.7819384481360171
/media/NAS/DATASET/1mDFDC/train/id00012/Z-G8-wqpxwU/00107/real.mp4,FIRST TIME NO IN TOTAL DID A CON IN PHILADELPHIA CON IN TORONTO AND NOW THIS ONE SO YEAH MY FIRST CON IN AUSTRALIA AND REALLY I'M SORT OF,FIRST TIME NO IN TOTAL DID A CON IN PHILADELPHIA CON IN TORONTO AND NOW THIS ONE SO YEAH MY FIRST CON IN AUSTRALIA AND REALLY I'M,FIRST TIME NO IN TOTAL DID A CON IN PHILADELPHIA CON IN TORONTO AND NOW THIS ONE SO YEAH MY FIRST CON IN AUSTRALIA AND REALLY I'M SORT OF,"No, in total. I did a con in Philadelphia, a con in Toronto, and now this one. So yeah, my first con in Australia and really I'm sort of...",0.13793103448275862,0.11627906976744186,0.8096427216101598,0.20689655172413793,0.17829457364341086,0.7370840543485088,0.13793103448275862,0.11627906976744186,0.8096427216101598
/media/NAS/DATASET/1mDFDC/train/id00012/Z-G8-wqpxwU/00098/real.mp4,DIFFERENT I'M NOT THE TECHNICAL GUY BUT I THERE WAS A SLIGHT DIFFERENCE WHILE WE WERE SHOOTING THE CAMERA WAS CONSTANTLY ON A CRANE WHERE USUALLY IT'S ON A DOLLY OR SOMETHING LIKE THAT SO IT WAS A SLIGHTLY DIFFERENT PROCESS BUT NOT TOO DIFFERENT FOR AN ACTOR BUT I THOUGHT YOU KNOW SEEING IT ON THE BIG SCREEN,DIFFERENT I'M NOT THE TECHNICAL GUY BUT I THERE WAS A SLIGHT DIFFERENCE WHILE WE'RE SHOOTING THE CAMERA WAS CONSTANTLY ON A CRANE WHERE USUALLY IT'S ON A DOLLY OR SOMETHING LIKE THAT SO IT WAS A SLIGHTLY DIFFERENT PROCESS BUT NOT TOO DIFFERENT FOR AN ACTOR BUT I THOUGHT YOU KNOW SEEING IT ON THE BIG SCREEN,DIFFERENT I'M NOT THE TECHNICAL GUY BUT I THERE WAS A SLIGHT DIFFERENCE WHILE WE WERE SHOOTING THE CAMERA WAS CONSTANTLY ON A CRANE WHERE USUALLY IT'S ON A DOLLY OR SOMETHING LIKE THAT SO IT WAS A SLIGHTLY DIFFERENT PROCESS BUT NOT TOO DIFFERENT FOR AN ACTOR BUT I THOUGHT YOU KNOW SEEING IT ON THE BIG SCREEN,different. I'm not the technical guy but there was a slight difference while we were shooting. The camera was constantly on a crane where usually it's on a dolly or something like that so it was a slightly different process but not too different for an actor but I thought you know seeing it on the big screen,0.017241379310344827,0.006557377049180328,0.9559112197162899,0.034482758620689655,0.01639344262295082,0.927484404609241,0.017241379310344827,0.006557377049180328,0.9559112197162899
/media/NAS/DATASET/1mDFDC/train/id00012/Z-G8-wqpxwU/00097/real.mp4,THE CAMERA SIZE CAMERAS ARE GIANT AND ALSO THE FRAMING AND THE WAY THEY DO THINGS,THE CAMERA SIZE THE CAMERAS ARE GIANT AND ALSO THE FRAMING AND THE WAY THEY DO THINGS,THE CAMERA SIZE CAMERAS ARE GIANT AND ALSO THE FRAMING AND THE WAY THAT YOU DO THINGS,The camera size. The cameras are giant. And also the framing and the way that you do things.,0.16666666666666666,0.10112359550561797,0.6299350826716278,0.1111111111111111,0.056179775280898875,0.7997637279047305,0.05555555555555555,0.0449438202247191,0.8428014430784181
/media/NAS/DATASET/1mDFDC/train/id00012/Z-G8-wqpxwU/00106/real.mp4,HANG OUT WITH EVERYBODY HERE AND THEN I GOT TO GO HOME TOMORROW SO YEAH IT'S CON TIME AND THEN I'M GOING TO GO HOME,HANG OUT WITH EVERYBODY HERE AND THEN I GOT TO GO HOME TO MORROW SO YEAH IT'S ODD TIME AND THEN I'M THEN I'M GOING TO GO HOME,HANG OUT WITH EVERYBODY HERE AND THEN I GOT TO GO HOME TOMORROW SO YEAH IT'S CON TIME AND THEN I THEN I'M GOING TO GO HOME,hang out with everybody here and then I gotta go home tomorrow so yeah it's con time and then I'm gonna go home.,0.17391304347826086,0.06422018348623854,0.7452133617225273,0.391304347826087,0.1743119266055046,0.45466972369917136,0.2608695652173913,0.12844036697247707,0.663255152760135
/media/NAS/DATASET/1mDFDC/train/id00012/Z-G8-wqpxwU/00094/real.mp4,NEXT TO HIM ALL WEEKEND AND HANG OUT ALSO NEXT DOOR SAME HUNTINGTON IS A BUDDY OF MINE SO I LOVE COMING TO CONS BECAUSE OPEN,NEXT TO HIM ALL WEEKEND AND HANG OUT ALSO NEXT DOOR IS AMEX HE'S A BUDDY OF MINE SO I LOVE COMING TO CONS BECAUSE I'LL BE,NEXT TO HIM ALL WEEKEND AND HANG OUT ALSO NEXT DOOR SAM HUNTINGTON IS A BUDDY OF MINE SO I LOVE COMING TO CONS BECAUSE OPEN,"next to him all weekend and hang out. Also next door, Sam Huntington is a buddy of mine. So I love coming to cons because.",0.08,0.05084745762711865,0.8531413606256201,0.2,0.1864406779661017,0.7488856162563027,0.04,0.0423728813559322,0.9590965597935381
/media/NAS/DATASET/1mDFDC/train/id00012/Z-G8-wqpxwU/00108/real.mp4,WELL I HOPE TO BE FRIENDLY AND NICE AND WE'LL TALK X MEN WE'LL TALK THE FOLLOWING ANY QUESTIONS I MEAN,WELL I HOPE TO BE FRIENDLY AND NICE AND WITH ALL ASPECT WITH ALL THE FOLLOWING ANY QUESTIONS I MEAN,WELL I HOPE TO BE FRIENDLY AND NICE AND WE'LL TALK X MEN WE'LL TALK THE FOLLOWING ANY QUESTIONS I MEAN,"Well, I hope to be friendly and nice and we'll talk X -Men, we'll talk The Following, any questions?",0.10526315789473684,0.07526881720430108,0.897077374680109,0.42105263157894735,0.23655913978494625,0.5275855485130294,0.10526315789473684,0.07526881720430108,0.897077374680109
/media/NAS/DATASET/1mDFDC/train/id00012/Z-G8-wqpxwU/00095/real.mp4,JUST JUST FOR THAT SENSE AND ALSO MEET ACTORS THAT YOU'VE SEEN THEIR WORK YOU KNOW THEIR SHOWS AND IT'S JUST KIND OF NICE TO SAY HI AND,JUST FIANCES AND ALSO MEET ACTORS THAT YOU'VE SEEN THEIR WORK IN ALL THE SHOWS AND IT'S KIND OF NICE TO SAY HI,JUST JUST FOR THAT SENSE AND ALSO MEET ACTORS THAT YOU'VE SEEN THEIR WORK YOU KNOW THEIR SHOWS AND IT'S KIND OF NICE TO SAY HI AND,"just for that sense. And also meet actors that you've seen their work, you know their shows, and it's just kind of nice to say hi.",0.07692307692307693,0.07258064516129033,0.9243880458347608,0.2692307692307692,0.1935483870967742,0.5414646339701815,0.11538461538461539,0.11290322580645161,0.8675538257600008
/media/NAS/DATASET/1mDFDC/train/id00012/21Uxsk56VDQ/00009/real.mp4,LECTURE CHAIRS LIKE SHACKLES AND STUFF AND THOSE SCENES ARE REALLY REALLY HARD BECAUSE YOU'RE YOU KNOW BEING TORTURED AND AND IT'S VERY EMOTIONAL STUFF BUT YOU CAN'T MOVE YOU KIND OF STUCK IN THESE THINGS SO THAT WAS ACTUALLY A REAL,JARS AND SHACKLES AND STUFF AND THOSE THINGS ARE REALLY REALLY HARD BECAUSE THEY'RE YOU KNOW BEING TORTURED AND AND IT'S VERY EMOTIONAL STUFF BUT YOU CAN'T MOVE YOU KIND OF SUCKS SO THAT WAS ACTUALLY REALLY,LECTURE CHAIRS LIKE SHACKLES AND STUFF AND THOSE SCENES ARE REALLY REALLY HARD BECAUSE YOU'RE YOU KNOW BEING TORTURED AND AND IT'S VERY EMOTIONAL STUFF BUT YOU CAN'T MOVE YOU KIND OF STUCK IN THESE THINGS SO THAT WAS ACTUALLY A REALLY,"electric chairs, like shackles and stuff, and those scenes are really, really hard because you're being tortured, and it's very emotional and stuff, but you can't move, you're kind of stuck in these things. So that was actually a really.",0.175,0.1111111111111111,0.7153113241910841,0.375,0.26666666666666666,0.42355886939597476,0.15,0.10222222222222223,0.7404682041982161
/media/NAS/DATASET/1mDFDC/train/id00012/21Uxsk56VDQ/00004/real.mp4,THINGS LIKE THAT BUT I DON'T THINK I DEAL WITH THINGS THE SAME WAY THAT JIMMY DOES LIKE I DON'T,THINGS LIKE THAT BUT I DON'T THINK I DEAL WITH KIDS THE SAME WAY THAT JIMMY DOES LIKE I DON'T,THINGS LIKE THAT BUT I DON'T THINK I DEAL WITH THINGS THE SAME WAY THAT JIMMY DOES LIKE I DON'T,things like that but I don't think I deal with things the same way that Jimmy does like I don't,0.0,0.0,1.0,0.05,0.043010752688172046,0.8578928092681435,0.0,0.0,1.0
/media/NAS/DATASET/1mDFDC/train/id00012/21Uxsk56VDQ/00012/real.mp4,OR SPECIAL EFFECTS OF EVERYTHING'S KIND OF CAN BE VERY DISJOINTED THEY SHOOT OUT OF SEQUENCE AND LIKE ALL DIFFERENT PLATE,WITH SPECIAL EFFECTS AND STUFF LIKE THAT IT CAN BE VERY DISORIENTED SO I DON'T KNOW IF THE CITY WANTS TO TAKE ALL THE DIFFERENT PLACES,OR SPECIAL EFFECTS STUFF EVERYTHING'S KIND OF CAN BE VERY DISJOINTED THEY SHOOT OUT OF SEQUENCE AND LIKE ALL DIFFERENT PLATE,"or special effects stuff, everything's kind of, can be very disjointed. They shoot out of sequence and like all different plates.",0.09523809523809523,0.04032258064516129,0.8137489370974955,0.8571428571428571,0.47580645161290325,0.07224506600409233,0.047619047619047616,0.008064516129032258,0.948543837069451
/media/NAS/DATASET/1mDFDC/train/id00012/21Uxsk56VDQ/00006/real.mp4,YEAH EVERYBODY WAS FRIENDLY AND EVERYBODY KNEW THAT IT WAS KIND OF A BIG DEAL TO KIND OF STEP IN WHEN PEOPLE BEEN WORKING TOGETHER FOR SO LONG SO YEAH IT WAS GOOD,YEAH EVERYBODY WAS FRIENDLY AND EVERYBODY KNEW IT WAS KIND OF A BIG DEAL TO KIND OF STEP IN WITH PEOPLE BEEN WORKING TOGETHER FOR SO LONG SO THAT WAS,YEAH EVERYBODY WAS FRIENDLY AND EVERYBODY KNEW THAT IT WAS KIND OF A BIG DEAL TO KIND OF STEP IN WHEN PEOPLE BEEN WORKING TOGETHER FOR SO LONG SO YEAH IT WAS GOOD,"Yeah, everybody was friendly and everybody knew that it was kind of a big deal to kind of step in when people have been working together for so long.",0.20689655172413793,0.17006802721088435,0.7909601595885504,0.20689655172413793,0.17006802721088435,0.7238602777420687,0.20689655172413793,0.17006802721088435,0.7909601595885504
/media/NAS/DATASET/1mDFDC/train/id00012/21Uxsk56VDQ/00014/real.mp4,TON I'VE DONE A COUPLE YOU KNOW LIKE SOME FIGHT SEQUENCES AND SOME KIND OF LIKE CLARK TIME WHEN YOU KIND OF LIKE FROZEN AND STUFF LIKE THAT BUT NOT A TON NOT LIKE,DONE I'VE DONE A COUPLE YOU KNOW LIKE SOME FIGHT SEQUENCES AND SOME KIND OF LIKE A LONG TIME WITH A GUY LIKE FROZEN AND STUFF LIKE THAT BUT NOT A TON,TON I'VE DONE A COUPLE YOU KNOW LIKE SOME FIGHT SEQUENCES AND SOME KIND OF LIKE CLARK TIME WHEN YOU CALL LIKE FROZEN AND STUFF LIKE THAT BUT NOT A TON NOT LIKE,"I've done a couple, you know, like some fight sequences and some kind of like Clark time when you're kind of like frozen and stuff like that, but not a ton, not like a ton.",0.11428571428571428,0.07272727272727272,0.8710481126801862,0.3142857142857143,0.24242424242424243,0.6736187025151952,0.17142857142857143,0.11515151515151516,0.8110889492058948
/media/NAS/DATASET/1mDFDC/train/id00012/21Uxsk56VDQ/00001/real.mp4,THERE'S AN ENGAGEMENT WITH CHLOE SO THAT'S KIND OF A BIG DEAL FOR HIM AND IT'S PROBABLY GOING TO HAPPEN YOU KNOW LEADING TOWARDS THE WEDDING AND STUFF THERE'S A LOT OF YOU KNOW,YEAH THERE'S AN ENGAGEMENT WITH LOIS SO THAT'S KIND OF A BIG DEAL FOR HIM AND IT'S PROBABLY GOING TO HAPPEN YOU KNOW TOWARDS THE WEDDING AND STUFF THERE'S A LOT OF YOU KNOW CONNECT,THERE'S AN ENGAGEMENT WITH CHLOE SO THAT'S KIND OF A BIG DEAL FOR HIM AND IT'S PROBABLY GOING TO HAPPEN YOU KNOW LEADING TOWARDS THE WEDDING AND STUFF THERE'S A LOT OF YOU KNOW ENGAGE,"There's an engagement with Chloe. So that's kind of a big deal for him and it's probably gonna happen You know leading towards the wedding and stuff. There's a lot of you know, engagement",0.08823529411764706,0.08888888888888889,0.8643729226327674,0.17647058823529413,0.16666666666666666,0.7041168335414218,0.08823529411764706,0.05,0.8635707684233572
/media/NAS/DATASET/1mDFDC/train/id00012/21Uxsk56VDQ/00003/real.mp4,AS YOU KNOW PASSIVE AND STUFF AND KIND OF GOING AFTER WHAT HE WANTS A LITTLE BIT MORE SO YEAH BUT NOT NOT ENTIRELY I THINK IT'S A GOOD BALANCE THOUGH OF BEING PASSIVE AND ACTUALLY GOING AFTER WHAT HE WANTS,AND YOU KNOW PASSIVE STUFF AND KIND OF GOING AFTER WHAT HE WANTS A LITTLE BIT MORE SO YEAH BUT NOT NOT ENTIRELY I THINK IT'S REALLY A GOOD BALANCE SORT OF BEING PASSIVE NEXT AND GOING AFTER WHAT IT WAS,AS YOU KNOW PASSIVE AND STUFF AND KIND OF GOING AFTER WHAT HE WANTS A LITTLE BIT MORE SO YEAH BUT NOT NOT ENTIRELY I THINK IT'S A GOOD BALANCE THOUGH OF BEING PASSIVE AND ACTUALLY GOING AFTER WHAT HE WANTS,"as passive and stuff and kind of going after what he wants a little bit more. So yeah, but not entirely. I think it's a good balance though of being passive and actually going after what he wants.",0.07894736842105263,0.06806282722513089,0.884617925078158,0.2894736842105263,0.23036649214659685,0.5868588096413219,0.07894736842105263,0.06806282722513089,0.884617925078158
/media/NAS/DATASET/1mDFDC/train/id00012/21Uxsk56VDQ/00010/real.mp4,KIND OF WAY TO SHOOT BECAUSE YOU'RE ALL DAY YOU'RE KIND OF STRAPPED DOWN THESE CHAIRS SO IT WAS INTERESTING WAS FUN IT REALLY HELPS WITH THE SCENE BUT IT'S DIFFICULT TO SHOOT,I WANT TO SHOOT ONCE OR ALL DAY YOU'RE KIND OF SCRAPPY OUT OF THE CHAIR SO IT WAS IT WAS INTERESTING WAS FUN IT REALLY HELPED WITH SOME OF THE STUFF WE SHOOT,KIND OF WAY TO SHOOT BECAUSE YOU'RE ALL DAY YOU'RE KIND OF STRAPPED IN THESE CHAIRS SO IT WAS IT WAS INTERESTING WAS FUN IT REALLY HELPS WITH THE SCENE BUT IT'S DIFFICULT TO SHOOT,"kind of way to shoot because you're all day you're kind of strapped down to these chairs. So it was it was interesting, it was fun, it really helps with the scene but it's difficult to shoot.",0.10810810810810811,0.07065217391304347,0.7879582856246956,0.4864864864864865,0.29891304347826086,0.3105938614384612,0.08108108108108109,0.04891304347826087,0.8267326991315141
/media/NAS/DATASET/1mDFDC/train/id00012/21Uxsk56VDQ/00007/real.mp4,NOIR WHICH WAS IN SEASON SIX OF THIS KIND OF REALLY COOL BLACK AND WHITE FILM TYPE EPISODE IT WAS JUST REALLY FUN TO KIND OF SEE ANOTHER SIDE OF JIMMY AND ALSO THE KIND OF DRESS UP AND PLAY LIKE A TOTALLY DIFFERENT,THE WALL WHICH WAS IN SEASON SIX IT WAS LIKE A REALLY COOL BLACK AND WHITE FILM WALL TYPE EPISODE AND IT WAS REALLY FUN TO KIND OF SEE ANOTHER SIDE OF JIMMY AND ALSO KIND OF DRESS UP AND PLAY LIKE TOTALLY DIFFERENT,NOIR WHICH WAS IN SEASON SIX OF THIS KIND OF REALLY COOL BLACK AND WHITE FILM TYPE EPISODE IT WAS REALLY FUN TO KIND OF SEE ANOTHER SIDE OF JIMMY AND ALSO TO KIND OF DRESS UP AND PLAY LIKE A TOTALLY DIFFERENT,noir which was in season six it was this kind of really cool black and white film noir type episode and it was just really fun to Kind of see another side of Jimmy and also to kind of dress up and play like a totally different,0.10638297872340426,0.0752212389380531,0.7552490694263048,0.19148936170212766,0.13716814159292035,0.6591462431652765,0.10638297872340426,0.08849557522123894,0.7611317919057224
/media/NAS/DATASET/1mDFDC/train/id00012/Gf-KDRnkBw8/00033/real.mp4,ACTUALLY THINK BETTER RECEPTION EVEN THAN I HAD ON SMALL I THINK YOU KNOW JIMMY WAS I THINK GREAT,ACTUALLY A BETTER RECEPTION AND A SMALL REUNION YOU KNOW JIMMY WAS WRITING,ACTUALLY THINK BETTER RECEPTION EVEN THAN I HAD ON SMALLVILLE I THINK YOU KNOW JIMMY WAS I THINK GRADED,"Yeah, actually I think a better reception even than I had on Smallville. I think Jimmy was, I think, great.",0.3,0.22549019607843138,0.5208133637886652,0.7,0.5098039215686274,0.07474938592393728,0.3,0.21568627450980393,0.604771681510949
/media/NAS/DATASET/1mDFDC/train/id00012/Gf-KDRnkBw8/00039/real.mp4,YOU KNOW YEAH FOR SURE BUT BUT I HAVEN'T BEEN PITCHED TOO MANY WEB SERIES IDEAS SO BUT BUT I WOULD DEFINITELY BE INTERESTED,YOU KNOW NOT FOR SURE BUT BUT I HAVEN'T BEEN PATIENT TOO MANY WEB SERIES LIKE YOU KNOW BUT BUT I WOULD DEFINITELY BE INTERESTED,YOU KNOW YEAH FOR SURE BUT BUT I HAVEN'T BEEN PITCHED TOO MANY WEB SERIES IDEAS SO BUT BUT I WOULD DEFINITELY BE INTERESTED,"And yeah, for sure, but I haven't been pitched too many web series ideas, but I would definitely be interested.",0.25,0.16981132075471697,0.6645620658017164,0.45,0.330188679245283,0.4190284595730209,0.25,0.16981132075471697,0.6645620658017164
/media/NAS/DATASET/1mDFDC/train/id00012/Gf-KDRnkBw8/00038/real.mp4,YEAH I MEAN I'M I'M UP FOR DOING WHATEVER FOR ME IT'S ALWAYS ABOUT THE MATERIAL IF I RESPOND TO IT IF I KNOW IF I THINK I CAN DO SOMETHING WITH IT THEN,YEAH I MEAN I'M THROUGH WHATEVER FOR ME IT'S ALWAYS THE MATERIAL IF I RESPOND TO IT VERY OFTEN I CAN DO SOMETHING WITH IT,YEAH I MEAN I'M I'M UP FOR DOING WHATEVER FOR ME IT'S ALWAYS ABOUT THE MATERIAL IF I RESPOND TO IT IF I KNOW IF I THINK I CAN DO SOMETHING WITH IT THEN,"Yeah, I mean, I'm up for doing whatever. For me, it's always about the material. If I respond to it, if I think I can do something with it, then...",0.13333333333333333,0.0962962962962963,0.8436210978864734,0.26666666666666666,0.2222222222222222,0.5352066084271668,0.13333333333333333,0.0962962962962963,0.8436210978864734
/media/NAS/DATASET/1mDFDC/train/id00012/Gf-KDRnkBw8/00035/real.mp4,THAT WE HAVE AS A CAST WORKS REALLY WELL AND THE WRITING REALLY PLAYS THAT TOO THEY PLAY UP OUR STRENGTHS AND WHAT THEY KNOW WE'RE GOOD AT AND THEY WRITE FOR US SO IT MAKES THE SHOW GREAT AND YEAH THE RESPONSE FOR WHERE ELSE THEIR TEAM HAS BEEN,THAT WE HAVE AS A CAST WORKS REALLY WELL AND THE WRITING REALLY PLAYS TOGETHER AND THEY PLAY UP OUR STRENGTHS AND WHAT THEY KNOW WE'RE GOOD AND THEY WRITE FOR US SO IT MAKES THE SHOW GREAT AND YEAH THE RESPONSE IS REALLY WELL THAT'S PRETTY GOOD,THAT WE HAVE AS A CAST WORKS REALLY WELL AND THE WRITING REALLY PLAYS THAT TOO THEY PLAY UP OUR STRENGTHS AND WHAT THEY KNOW WE'RE GOOD AT AND THEY WRITE FOR US SO IT MAKES THE SHOW GREAT AND YEAH THE RESPONSE FOR WHERE ELSE OUR TEAM HAS BEEN,that we have as a cast works really well and the writing really plays to that too. They play up our strengths and what they know we're good at and they write for us so it makes the show great and and yeah the response for Warehouse 13 has been,0.12,0.0912863070539419,0.8419223795076571,0.22,0.16597510373443983,0.7162281993059174,0.12,0.08298755186721991,0.8419223795076571
/media/NAS/DATASET/1mDFDC/train/id00012/Gf-KDRnkBw8/00041/real.mp4,YOU KNOW SORT OF ACTING MUSCLE SO I'D LOVE TO BE ABLE TO DO BOTH TOUGH TOUGH TO DO BOTH BUT LOVE TO TRY AND DO BOTH,YOU KNOW SORT OF ACTING MESSAGES I GIVE THEM NOTHING TO BOTH NOTHING TO BOTH BUT WHEN YOU'RE OUT OF THE,YOU KNOW SORT OF ACTING MUSCLE SO I'D LOVE TO BE ABLE TO DO BOTH TOUGH TOUGH TO DO BOTH BUT LOVE TO TRY AND DO BOTH,"you know, sort of acting muscles, so I'd love to be able to do both. Tough, tough to do both, but I'd love to try and do both.",0.07142857142857142,0.03389830508474576,0.8032263623299818,0.6428571428571429,0.4406779661016949,0.1531780855294776,0.07142857142857142,0.03389830508474576,0.8032263623299818
/media/NAS/DATASET/1mDFDC/train/id00012/Gf-KDRnkBw8/00034/real.mp4,SORT OF INSECURE AND WHATEVER AND THAT'S THE CHARACTER YOU KNOW HE'S KIND OF A GEEKY GUY THE EVERY GUY VERSUS SORT OF CLARK'S YOU KNOW SUPERHERO SO THAT'S KIND OF WHAT IT WAS BUT I THINK A LOT OF PEOPLE ARE LIKE OH HE'S KIND OF ANNOYING BUT WHERE,YOUR FACE I MEAN YOU KNOW WE HAVE LESS LOVE YOU KNOW IT'S KIND OF LIKE THE EVERY OFFER IS SORT OF YOURS YOU KNOW TO A POINT SO I DON'T KNOW IT'S BUT I THINK A LOT OF PEOPLE ARE LIKE OH IT'S KIND OF ANNOYING BUT WE ALSO,SORT OF INSECURE AND WHATEVER AND THAT'S A CHARACTER YOU KNOW HE'S KIND OF A GEEKY GUY THE EVERY GUY VERSUS SORT OF CLARK'S YOU KNOW SUPERHERO SO THAT'S KIND OF WHAT IT WAS BUT I THINK A LOT OF PEOPLE ARE LIKE OH HE'S KIND OF ANNOYING BUT WHERE ELSE ARE,he was sort of insecure and whatever and that's the character you know he's kind of a geeky guy the every guy versus sort of Clark's you know superhero so that's kind of what it was but I think a lot of people are like oh he's kind of annoying but where else are,0.07407407407407407,0.0622568093385214,0.9231163463866358,0.5555555555555556,0.4163424124513619,0.26107074627838833,0.05555555555555555,0.038910505836575876,0.9138620064118365
/media/NAS/DATASET/1mDFDC/train/id00012/Gf-KDRnkBw8/00037/real.mp4,BUT YEAH I MEAN IT'S GREAT YOU GET TO COME AND MEET THE PEOPLE WHO ACTUALLY WATCH THE SHOW YOU KNOW LIKE WE'RE IN A STUDIO SOMEWHERE SHOOTING THE SHOW AND YOU KNOW THAT PEOPLE WATCH THE SHOWS BUT IT'S REALLY COOL TO BE ABLE TO GET OUT AND ACTUALLY MEET THEM AND LIKE YOU KNOW SHAKE THEIR HANDS AND SAY YOU KNOW THANKS FOR WATCHING THANKS FOR THANKS FOR KEEPING ME IN A JOB YOU KNOW,BUT YEAH I MEAN IT'S GREAT YOU GET TO COME AND MEET THE PEOPLE WHO ACTUALLY WATCH THE SHOW YOU KNOW LIKE WE'RE IN THE STUDIO SOMEWHERE SHOOTING THE SHOW AND YOU KNOW THAT PEOPLE WATCH THE SHOWS BUT IT'S REALLY COOL TO BE ABLE TO GET OUT AND ACTUALLY MEET THEM AND LIKE YOU KNOW SHAKE THEIR HANDS AND SAY THE FANS ARE WATCHING THAT'S WHAT THAT'S WHAT I REALLY ENJOY ABOUT,BUT YEAH I MEAN IT'S GREAT YOU GET TO COME AND MEET THE PEOPLE WHO ACTUALLY WATCH THE SHOW YOU KNOW LIKE WE'RE IN A STUDIO SOMEWHERE SHOOTING THE SHOW AND YOU KNOW THAT PEOPLE WATCH THE SHOWS BUT IT'S REALLY COOL TO BE ABLE TO GET OUT AND ACTUALLY MEET THEM AND LIKE YOU KNOW SHAKE THEIR HANDS AND SAY YOU KNOW THANKS FOR WATCHING THANKS FOR THANKS FOR KEEPING ME IN A JOB YOU KNOW,"But yeah, I mean it's great you get to come and meet the people who actually watch your show You know like we're in a studio somewhere shooting the show and you know that people watch the shows But it's really cool to be able to get out and actually meet them and like, you know shake their hands and say, you know Thanks for watching. Thanks for thanks for keeping me in a job, you know",0.012987012987012988,0.010554089709762533,0.9665395661812441,0.22077922077922077,0.1424802110817942,0.7233465152908846,0.012987012987012988,0.010554089709762533,0.9665395661812441
/media/NAS/DATASET/1mDFDC/train/id00012/uCBekiUm-rE/00162/real.mp4,IS QUITE A BIT OF WORK YOU KNOW LIKE WHEN I'M ON A SHOW FOR THREE YEARS OR IF HE'S DOING YOU KNOW LOCKED UP ON SOMETHING THEN YOU'RE NOT COMPETING AGAINST HIM BECAUSE,WHEN I'M IN THE WAR YOU KNOW LIKE WHEN I'M ON A SHOW FOR THREE YEARS OR IF HE'S DOING YOU KNOW LOCKED UP ON SOMETHING THEN YOU'RE NOT COMPLETELY AGAINST HIM BECAUSE,IS QUITE A BIT OF WORK YOU KNOW LIKE WHEN I'M ON A SHOW FOR THREE YEARS OR IF HE'S DOING YOU KNOW LOCKED UP ON SOMETHING THEN YOU'RE NOT COMPETING AGAINST HIM BECAUSE,quite a bit of work you know like when I'm on a show for three years or if he's doing you know locked up on something then you're not competing against him because,0.030303030303030304,0.01875,0.9691937043892331,0.18181818181818182,0.1125,0.7590598306198806,0.030303030303030304,0.01875,0.9691937043892331
/media/NAS/DATASET/1mDFDC/train/id00012/uCBekiUm-rE/00161/real.mp4,WELL WHEN WE'RE YOUNGER WE DID BECAUSE WE'RE YOU KNOW BOTH LIVING IN TORONTO GREW UP AND GOING AFTER THE EXACT SAME THINGS HE LIVES IN THE STATES NOW AND THERE,WHILE WE WERE YOUNGER WE DID BECAUSE WE WERE YOU KNOW THEY BOTH LIVE IN TORONTO SO WE GREW UP AND I KNOW WE HAVE THE EXACT SAME THINGS HE LIVES IN THE STATES NOW LIKE THERE IS,WELL WHEN WE WERE YOUNGER WE DID BECAUSE WE'RE YOU KNOW BOTH LIVING IN TORONTO GREW UP AND GOING AFTER THE EXACT SAME THINGS HE LIVES IN THE STATES NOW AND THERE,"Well, when we were younger we did because we were, you know, both living in Toronto, that's where we grew up, and going after the exact same things. He lives in the States now and there is...",0.16216216216216217,0.13259668508287292,0.6963123234720867,0.2972972972972973,0.22099447513812154,0.5646553314289698,0.13513513513513514,0.11602209944751381,0.7659422849877677
/media/NAS/DATASET/1mDFDC/train/id00012/uCBekiUm-rE/00160/real.mp4,I THINK IT HAPPENS BOTH WAYS TO LIKE PEOPLE THAT WATCH SOME OF THE SHOWS THAT I'M ON YOU KNOW SOMETIMES SAY THEM TOO SO IT IS WHAT IT IS JUST THE WAY IT IS TWINS WORKING,THING THAT HAPPENS BOTH WAYS TO A LOT OF PEOPLE TO WATCH SOME SHOWS COME ON YOU KNOW SOMETIMES A LOT OF TIMES YOU DON'T IT'S PRETTY EASY TO JUST WEAR LIKE TWENTY TWENTY OR SOMETHING,I THINK IT HAPPENS BOTH WAYS TO LIKE PEOPLE THAT WATCH SOME OF THE SHOWS THAT I'M ON YOU KNOW SOMETIMES SAY TO HIM TOO SO IT IS WHAT IT IS JUST THE WAY IT IS TWINS WORKING,"I think it happens both ways to people that watch some of the shows that I'm on, sometimes say it to him too. So it is what it is, it's just the way it is. Twins working.",0.1891891891891892,0.147239263803681,0.7104369735077866,0.8108108108108109,0.5398773006134969,0.09335567542358397,0.13513513513513514,0.12883435582822086,0.7468754497824707
/media/NAS/DATASET/1mDFDC/train/id00012/uCBekiUm-rE/00158/real.mp4,YEAH YEAH I THINK THAT SHOW COULD HAVE GONE ON FOR A LONG TIME BUT WE DID A GOOD RUN THEY FINISHED IT OFF REALLY WELL SO I WAS HAPPY WITH THAT,YEAH YEAH I THINK THEY SHOOT THE CAR FOR A LONG TIME BUT WE HAD A REALLY GOOD RUN THEY FINISHED IT OFF REALLY WELL SO ON TOP OF THAT,YEAH YEAH I THINK THAT SHOW COULD HAVE GONE ON FOR A LONG TIME BUT WE HAD A GOOD RUN THEY FINISHED IT OFF REALLY WELL SO I WAS HAPPY WITH THAT,"Yeah, yeah, I think that show could have gone on for a long time, but we had a good run. They finished it off really well, so I was happy with that.",0.03125,0.014084507042253521,0.9157103753711766,0.34375,0.2676056338028169,0.5427564385614428,0.0,0.0,1.0
/media/NAS/DATASET/1mDFDC/train/id00012/O2jVZ--4vCk/00067/real.mp4,THIS IS ALL BEEN A NICE RIDE BECAUSE I WENT WITH HIM ALL GREAT SCI FI WHICH I WAS SUPER EXCITED,THIS IS GOING TO BE A NICE RIDE BECAUSE IT'S GOING TO MAKE IT WITH THE POWER RIGHT BUT IT'S ALSO SUPER EXCITING,THIS IS ALL BEEN A NICE RIDE BECAUSE I WENT WITH HIM WELL GREAT SITE WHICH ARE SUPER EXCITED,this has all been a nice ride because I went with him and oh great sci -fi which I was super excited,0.13636363636363635,0.0707070707070707,0.7362853809865184,0.7727272727272727,0.5555555555555556,0.11856660123276004,0.3181818181818182,0.1717171717171717,0.46811036347527246
/media/NAS/DATASET/1mDFDC/train/id00012/s7MiVWybRhg/00149/real.mp4,SORT OF PLAYING INTO WHAT WORK YOU KNOW THE ACTION THE ADVENTURE THE COMEDY I THINK ALL THOSE THINGS ARE SORT OF AMPED UP EVEN MORE,SORT OF PLAY INTO WHAT WORK YOU KNOW ACTION ADVENTURE COMEDY I THINK ALL THOSE THINGS ARE SORT OF AMPED UP EVEN MORE,SORT OF PLAYING INTO WHAT WORK YOU KNOW THE ACTION THE ADVENTURE THE COMEDY I THINK ALL THOSE THINGS ARE SORT OF AMPED UP EVEN MORE,"sort of playing into what work, you know, the action, the adventure, the comedy, I think all those things are sort of amped up even more.",0.0,0.0,1.0,0.15384615384615385,0.11450381679389313,0.6472143872168242,0.0,0.0,1.0
/media/NAS/DATASET/1mDFDC/train/id00012/s7MiVWybRhg/00151/real.mp4,IT PLAY OUT I SORT OF LIKE HAVING A LITTLE BIT MORE INFORMATION SO SHE TOLD ME A VERY VERY,PLAY OUT I SORT OF LIKE HAVING A LITTLE BIT MORE INFORMATION SO SHE TOLD ME A VERY VERY,TO PLAY OUT I SORT OF LIKE HAVING A LITTLE BIT MORE INFORMATION SO SHE TOLD ME A VERY VERY,"it play out. I sort of like having a little bit more information. So she told me a very, very...",0.0,0.0,1.0,0.05,0.03333333333333333,0.9487294800164372,0.05,0.022222222222222223,0.9457416090031758
/media/NAS/DATASET/1mDFDC/train/id00012/s7MiVWybRhg/00148/real.mp4,KNOW LIKE I LIKE EVEN LIKE YOU KNOW WATCHING I THOUGHT WOW THIS REALLY ALL CAME TOGETHER VERY WELL SO I THINK THERE MAY BE SOME SOME SMALL THINGS BUT NOTHING THAT YOU KNOW WAS DISCUSSED TO US OR WHATEVER BUT,KNOW LIKE EVEN AS LIKE YOU KNOW WATCHING I THOUGHT WOW THIS REALLY ALL CAME TOGETHER VERY WELL SO I THINK THERE MAY BE SOME SOME SMALL THINGS BUT NOTHING THAT YOU KNOW WAS DISCUSSED TO US OR WHATEVER BUT,KNOW LIKE I LIKE EVEN AS LIKE YOU KNOW WATCHING I THOUGHT WOW THIS REALLY ALL CAME TOGETHER VERY WELL SO I THINK THERE MAY BE SOME SOME SMALL THINGS BUT NOTHING THAT YOU KNOW WAS DISCUSSED TO US OR WHATEVER BUT,"You know, like even as like, you know, watching it, I thought, wow, this really all came together very well. So I think there may be some small things, but nothing that, you know, was discussed to us or whatever. But... Right.",0.16666666666666666,0.11848341232227488,0.7962851263444881,0.09523809523809523,0.08530805687203792,0.868029593347407,0.14285714285714285,0.10426540284360189,0.8539568863529369
/media/NAS/DATASET/1mDFDC/train/id00012/s7MiVWybRhg/00150/real.mp4,INTO THE MIX SO I THINK THAT PEOPLE ARE GOING TO BE REALLY EXCITED TO SEE THOSE CHARACTERS PLAY AND YES FANCY IS THERE,INTO THE MIX SO I THINK THAT PEOPLE ARE GOING TO BE REALLY EXCITED TO SEE THOSE CHARACTERS PLAY AND YES FRANCIS IS THERE,INTO THE MIX SO I THINK THAT PEOPLE ARE GOING TO BE REALLY EXCITED TO SEE THOSE CHARACTERS PLAY AND YES FANCY IS THERE,"into the mix. So I think that people are going to be really excited to see those characters playing. And yes, Fancy is there.",0.041666666666666664,0.024793388429752067,0.8843865924896842,0.08333333333333333,0.049586776859504134,0.7919570286671784,0.041666666666666664,0.024793388429752067,0.8843865924896842
/media/NAS/DATASET/1mDFDC/train/id00012/nRiPvNQ1GCQ/00146/real.mp4,IT'S KIND OF AMAZING I'VE BEEN PLAYING THIS CHARACTER FOR ALMOST FOURTEEN YEARS,IT'S KIND OF AMAZING I'VE BEEN PLAYING THIS CHARACTER FOR ALMOST FOURTEEN YEARS,IT'S KIND OF AMAZING I'VE BEEN PLAYING THIS CHARACTER FOR ALMOST FOURTEEN YEARS,It's kind of amazing. I've been playing this character for almost 14 years.,0.07692307692307693,0.11267605633802817,0.842362674378975,0.07692307692307693,0.11267605633802817,0.842362674378975,0.07692307692307693,0.11267605633802817,0.842362674378975
/media/NAS/DATASET/1mDFDC/train/id00012/nRiPvNQ1GCQ/00144/real.mp4,OF JOURNEY OF THESE CHARACTERS IS INTERESTING FOR PEOPLE THAT JUST TURN ON THE FILM FOR THE FIRST TIME AND SEE IT SO FOR ME I THINK IT'S THE ESTABLISHED CHARACTER WORK AND HOW LONG THIS THING HAS BEEN AROUND THESE STORIES THESE CHARACTERS AND I THINK THAT'S WHAT MAKES IT WORK IS THE HISTORY OF IT,OF JOURNEY OF THESE CHARACTERS IS INTERESTING FOR PEOPLE THAT JUST TURN ON THE FILM FOR THE FIRST TIME AND SEE IT SO FOR ME I THINK IT'S THE ESTABLISHED CHARACTER WORK AND HOW LONG THIS THING HAS BEEN AROUND THESE STORIES THESE CHARACTERS AND I THINK THAT'S WHAT MAKES IT WORK IS THE HISTORY OF IT,OF JOURNEY OF THESE CHARACTERS IS INTERESTING FOR PEOPLE THAT JUST TURN ON THE FILM FOR THE FIRST TIME AND SEE IT SO FOR ME I THINK IT'S THE ESTABLISHED CHARACTER WORK AND HOW LONG THIS THING HAS BEEN AROUND THESE STORIES THESE CHARACTERS AND I THINK THAT'S WHAT MAKES IT WORK IS THE HISTORY OF IT,of journey of these characters is interesting for people that just turn on the film for the first time and see it. So for me I think it's it's the established character work and and how long this thing has been around these stories these characters and I think that's what makes it work is is the history of it.,0.05,0.03594771241830065,0.908373442611575,0.05,0.03594771241830065,0.908373442611575,0.05,0.03594771241830065,0.908373442611575
/media/NAS/DATASET/1mDFDC/train/id00012/nRiPvNQ1GCQ/00145/real.mp4,CREATED BY THE GOVERNMENT IN THE PAST CALLED SENTINELS THE IDEA OF THE STORY IS THAT THE X MEN FIND A WAY TO SEND WOLVERINES CONSCIOUSNESS BACK IN THE PAST TO CHANGE THE EVENTS THAT CREATED THESE WEAPONS SO IF WE CAN STOP THE WEAPONS FROM BEING BUILT MAYBE WE CAN CHANGE THE FUTURE THAT'S THAT'S THE IN A NUTSHELL THE STORY OF DAYS OF FUTURE PAST,CREATED BY THE GOVERNMENT IN THE PAST CALLED SENTINELS THE IDEA OF THE STORY IS THAT THE X MEN FIND A WAY TO SEND WOLVERINES CONSCIOUSNESS BACK IN THE PAST TO CHANGE THE EVENTS THAT CREATED THESE WEAPONS SO IF WE CAN STOP THE WEAPONS FROM BEING BUILT MAYBE WE CAN CHANGE THE FUTURE THAT'S THAT'S THE IN A NUTSHELL THE STORY OF DAYS OF FUTURE PAST,CREATED BY THE GOVERNMENT IN THE PAST CALLED SENTINELS THE IDEA OF THE STORY IS THAT THE X MEN FIND A WAY TO SEND WOLVERINES CONSCIOUSNESS BACK IN THE PAST TO CHANGE THE EVENTS THAT CREATED THESE WEAPONS SO IF WE CAN STOP THE WEAPONS FROM BEING BUILT MAYBE WE CAN CHANGE THE FUTURE THAT'S THAT'S THE IN A NUTSHELL THE STORY OF DAYS OF FUTURE PAST,"created by the government in the past called Sentinels. The idea of the story is that the X -Men find a way to send Wolverine's consciousness back in the past to change the events that created these weapons. So if we can stop the weapons from being built, maybe we can change the future. And that's, in a nutshell, the story of Days of Future Past.",0.030303030303030304,0.023668639053254437,0.9344220008633418,0.030303030303030304,0.023668639053254437,0.9344220008633418,0.030303030303030304,0.023668639053254437,0.9344220008633418
/media/NAS/DATASET/1mDFDC/train/id00012/nRiPvNQ1GCQ/00143/real.mp4,GUYS AND GIRLS THAT ARE SIXTY YEARS OLD THAT ARE FANS OF THE COMIC BOOK BECAUSE THEY STARTED READING IT WHEN THEY WERE KIDS THAT BEING SAID I THINK THE EMOTIONAL,GUYS AND GIRLS THAT ARE SIXTY YEARS OLD THAT ARE FANS OF THE COMIC BOOK BECAUSE THEY STARTED READING IT WHEN THEY WERE KIDS THAT BEING SAID I THINK THE EMOTIONAL,GUYS AND GIRLS THAT ARE SIXTY YEARS OLD THAT ARE FANS OF THE COMIC BOOK BECAUSE THEY STARTED READING IT WHEN THEY WERE KIDS THAT BEING SAID I THINK THE EMOTIONAL,"guys and girls that are 60 years old that are fans of the comic book because they started reading it when they were kids. That being said, I think the emotional",0.03225806451612903,0.03164556962025317,0.9127592114472297,0.03225806451612903,0.03164556962025317,0.9127592114472297,0.03225806451612903,0.03164556962025317,0.9127592114472297
/media/NAS/DATASET/1mDFDC/train/id00012/nRiPvNQ1GCQ/00142/real.mp4,WELL YOU KNOW THE X MEN COMIC BOOKS HAVE BEEN AROUND FOR DECADES AND DECADES AND I THINK THAT'S WHAT REALLY ANCHORS THESE CHARACTERS AND ANCHORS THIS STORYLINE IS THE SOURCE MATERIAL AND HOW LONG IT'S BEEN AROUND FOR SO THERE'S AN ESTABLISHED AUDIENCE THERE ARE YOU KNOW,WELL YOU KNOW THE X MEN COMIC BOOKS HAVE BEEN AROUND FOR DECADES AND DECADES AND I THINK THAT'S WHAT REALLY ANCHORS THESE CHARACTERS AND ANCHORS THIS STORYLINE IS THE SOURCE MATERIAL AND HOW LONG IT'S BEEN AROUND FOR SO THERE'S AN ESTABLISHED AUDIENCE THERE ARE YOU KNOW,WELL YOU KNOW THE X MEN COMIC BOOKS HAVE BEEN AROUND FOR DECADES AND DECADES AND I THINK THAT'S WHAT REALLY ANCHORS THESE CHARACTERS AND ANCHORS THE STORYLINE IS THE SOURCE MATERIAL AND HOW LONG IT'S BEEN AROUND FOR SO THERE'S AN ESTABLISHED AUDIENCE THERE ARE YOU KNOW,"Well, you know, the X -Men comic books have been around for decades and decades, and I think that's what really anchors these characters and anchors this storyline is the source material and how long it's been around for. So there's an established audience. There are, you know...",0.0,0.0,1.0,0.0,0.0,1.0,0.020833333333333332,0.00749063670411985,0.9452861848260063
/media/NAS/DATASET/1mDFDC/train/id00012/nRiPvNQ1GCQ/00140/real.mp4,YEAH WELL WE STARTED AS KIDS SORT OF WORKING TOGETHER DOING YOU KNOW CEREAL COMMERCIALS AND YOU KNOW STUFF LIKE THAT TOY COMMERCIALS AS KIDS,WELL WE STARTED AS KIDS SORT OF WORKING TOGETHER DOING YOU KNOW CEREAL COMMERCIALS AND YOU KNOW STUFF LIKE THAT TOY COMMERCIALS AND KIDS,YEAH WELL WE STARTED AS KIDS SORT OF WORKING TOGETHER DOING YOU KNOW CEREAL COMMERCIALS AND YOU KNOW STUFF LIKE THAT TOY COMMERCIALS AS KIDS,"Yeah, well we started as kids sort of working together, doing, you know, cereal commercials and stuff like that, toy commercials as kids.",0.08695652173913043,0.06870229007633588,0.8466657105524215,0.17391304347826086,0.12213740458015267,0.7590837444182695,0.08695652173913043,0.06870229007633588,0.8466657105524215
/media/NAS/DATASET/1mDFDC/train/id00012/tqaasM16UxI/00153/real.mp4,THINGS I THINK WE WERE FINDING A LOT OF THAT OUT AS WE GO SO YOU SORT OF HAVE IT IN YOUR MIND AND YOU'RE SORT OF REFERENCING STUFF BUT SOMETIMES,WE FIND IT A LOT AS WE GO SORT OF HAVING IT IN MIND YOU KNOW THERE'S NO REFERENCE AND STUFF BUT SOMETIMES,THINGS I THINK WE WERE FINDING A LOT OF THAT OUT AS WE GO SO YOU SORT OF HAVE IT IN YOUR MIND YOU'RE SORT OF REFERENCING STUFF BUT SOMETIMES,was saying that I think we're finding a lot of that out as we go. So you sort of have it in your mind and you're sort of referencing stuff but sometimes...,0.125,0.10067114093959731,0.8599218995874716,0.625,0.5033557046979866,0.08970983416657013,0.15625,0.12751677852348994,0.7738814765931374
/media/NAS/DATASET/1mDFDC/train/id00012/_raOc3-IRsw/00110/real.mp4,ABSOLUTELY TRUE WE'RE BOTH ACTORS WE'RE TWINS AND WE WORK IN GENRE SCI FI STUFF A LOT SO,ABSOLUTELY TRUE WE'RE BOTH ACTORS WERE TWINS AND WE WORK IN GENRE SCI FI STUFF A LOT,ABSOLUTELY TRUE WE'RE BOTH ACTORS WE'RE TWINS AND WE WORK IN GENRE SCI FI STUFF A LOT SO,"Absolutely true. We're both actors, we're twins and we work in genre sci -fi stuff a lot.",0.058823529411764705,0.03614457831325301,0.9391044157537525,0.0,0.0,1.0,0.058823529411764705,0.03614457831325301,0.9391044157537525
/media/NAS/DATASET/1mDFDC/train/id00017/X9M79aB1RS4/00092/real.mp4,THE RING SIZED UP HERE PRETTY SOON SO THAT WAS DISAPPOINTING BUT FROM A FAN'S PERSPECTIVE WHAT,THE RING SIZED UP HERE PRETTY SOON SO THAT WAS DISAPPOINTING BUT FROM A FAN'S PERSPECTIVE WHAT,THE RING SIZED UP HERE PRETTY SOON SO THAT WAS DISAPPOINTING BUT FROM A FAN'S PERSPECTIVE WHAT,"their ring sized up here pretty soon. So that was disappointing, but from a fan's perspective.",0.125,0.07777777777777778,0.8702397637697912,0.125,0.07777777777777778,0.8702397637697912,0.125,0.07777777777777778,0.8702397637697912
